TEAM,NAME,WEIGHT (kg),HEIGHT (m),AGE,BIRTH DATE,PRIMARY ROLE,NATIONALITY,TOTAL CAPS,6N CAPS,TOTAL TRIES,6N TRIES,TOTAL DROPS,6N DROPS,TOTAL PENALTY,6N PENALTY,TOTAL CONVERSIONS,6N CONVERSIONS,TOTAL YC,6N YC,TOTAL RC,6N RC,TOTAL MIN PLAYED,6N MIN PLAYED,TOTAL STARTING,6N STARTER,STATUS,FIRST INTERNATIONAL,LAST INTERNATIONAL
ENG,Alec Hepburn,114,1.86,31,30/03/93,P,Australia,7,2,0,0,0,0,0,0,0,0,0,0,0,0,134,12,2,0,Switched,2018,2018
ENG,Alex Coles,117,2.07,25,21/09/99,L,England,7,2,0,0,0,0,0,0,0,0,0,0,0,0,208,27,2,0,Active,2022,2024
ENG,Alex Dombrandt,119,1.93,27,29/04/97,N8,England,20,12,1,1,0,0,0,0,0,0,0,0,0,0,914,602,9,7,Active,2021,2024
ENG,Alex Goode,92,1.81,36,07/05/88,FB,England,27,10,2,0,0,0,3,1,2,0,0,0,0,0,1434,546,17,6,Active,2012,2016
ENG,Alex Mitchell,83,1.80,27,25/05/97,SH,England,23,13,4,2,0,0,0,0,0,0,0,0,0,0,1231,670,18,9,Active,2021,2025
ENG,Anthony Watson,93,1.88,31,26/02/94,W,England,62,28,23,14,0,0,0,0,0,0,2,0,0,0,4412,2013,56,26,Inactive,2015,2025
ENG,Ben Curry,106,1.87,26,15/06/98,FL,England,11,9,0,0,0,0,0,0,0,0,0,0,0,0,409,361,3,3,Active,2021,2025
ENG,Ben Earl,102,1.89,27,07/01/98,FL,England,42,21,6,3,0,0,0,0,0,0,0,0,0,0,2382,976,26,10,Active,2020,2025
ENG,Ben Moon,115,1.81,35,14/07/89,P,England,8,4,0,0,0,0,0,0,0,0,0,0,0,0,336,138,4,2,Inactive,2018,2019
ENG,Ben Spencer,89,1.80,32,31/07/92,SH,England,10,2,0,0,0,0,0,0,0,0,0,0,0,0,196,41,2,0,Active,2019,2024
ENG,Ben Te'o,105,1.88,38,27/01/87,C,New Zealand,19,12,2,2,0,0,0,0,0,0,0,0,0,0,732,463,8,5,Inactive,2016,2019
ENG,Ben Youngs,88,1.78,35,05/09/89,SH,England,128,54,20,9,0,0,0,0,0,0,1,0,0,0,6820,2856,95,40,Inactive,2010,2023
ENG,Beno Obano,120,1.83,30,25/10/94,P,England,4,2,0,0,0,0,0,0,0,0,0,0,0,0,63,46,0,0,Active,2021,2024
ENG,Billy Twelvetrees,106,1.91,36,15/11/88,C,England,22,13,3,1,0,0,0,0,0,0,0,0,0,0,1121,629,13,7,Inactive,2013,2015
ENG,Billy Vunipola,134,1.91,32,03/11/92,N8,Australia,75,26,8,3,0,0,0,0,0,0,3,1,1,0,4675,1868,8,3,Active,2013,2023
ENG,Brad Shields,113,1.94,33,02/04/91,FL,New Zealand,8,3,2,2,0,0,0,0,0,0,0,0,0,0,421,103,5,2,Active,2018,2019
ENG,Cadan Murley,96,1.81,25,31/07/99,W,England,1,1,1,1,0,0,0,0,0,0,0,0,0,0,80,80,1,1,Active,2025,2025
ENG,Chandler Cunningham-South,120,1.95,21,18/03/03,FL,England,16,9,5,2,0,0,0,0,0,0,0,0,0,0,681,221,6,0,Active,2024,2025
ENG,Charlie Ewels,112,1.98,29,29/06/95,L,England,32,12,2,0,0,0,0,0,0,0,0,0,2,1,1265,441,15,6,Active,2016,2022
ENG,Chris Ashton,93,1.83,37,29/03/87,W,England,44,18,20,7,0,0,0,0,0,0,1,0,1,0,3207,1338,41,17,Inactive,2010,2019
ENG,Chris Robshaw,112,1.88,38,04/06/86,FL,England,66,30,2,1,0,0,0,0,0,0,0,0,0,0,5135,2327,66,30,Inactive,2009,2018
ENG,Courtney Lawes,115,2.01,36,23/02/89,L,England,105,39,2,0,0,0,0,0,0,0,1,0,0,0,6216,2225,77,27,Active,2009,2023
ENG,Dan Cole,123,1.90,37,09/05/87,P,England,120,55,3,2,0,0,0,0,0,0,4,2,0,0,6915,3289,91,43,Active,2010,2024
ENG,Dan Robson,82,1.73,32,14/03/92,SH,England,16,10,2,1,0,0,0,0,0,0,0,0,0,0,272,131,0,0,Active,2019,2021
ENG,Danny Care,87,1.72,38,02/01/87,SH,England,101,42,15,9,3,3,0,0,0,0,3,2,0,0,4013,1764,43,18,Inactive,2008,2024
ENG,Danny Cipriani,92,1.85,37,02/11/87,FH,England,16,6,3,1,0,0,11,4,8,4,0,0,0,0,554,149,5,1,Inactive,2008,2018
ENG,Dave Attwood,123,2.01,37,05/04/87,L,England,26,9,0,0,0,0,0,0,0,0,0,0,0,0,1010,307,12,4,Active,2010,2018
ENG,David Ribbans,121,2.02,29,28/08/95,L,South Africa,11,2,0,0,0,0,0,0,0,0,0,0,0,0,375,74,5,1,Active,2022,2023
ENG,Don Armand,115,1.81,36,23/09/88,L,Zimbabwe,2,1,0,0,0,0,0,0,0,0,0,0,0,0,23,14,0,0,Inactive,2017,2022
ENG,Dylan Hartley,110,1.85,38,24/03/86,H,New Zealand,97,49,4,0,0,0,0,0,0,0,3,0,0,0,5026,2655,72,40,Inactive,2008,2018
ENG,Elliot Daly,98,1.85,32,08/10/92,C,England,74,38,20,11,1,0,7,2,2,1,1,1,1,0,4943,2372,61,28,Active,2016,2025
ENG,Ellis Genge,117,1.86,30,16/02/95,P,England,71,33,6,2,0,0,0,0,0,0,2,1,0,0,3322,1526,47,20,Active,2016,2025
ENG,Ethan Roots,113,1.89,27,10/11/97,FL,New Zealand,4,4,0,0,0,0,0,0,0,0,1,1,0,0,214,214,3,3,Active,2024,2024
ENG,Fin Baxter,116,1.85,23,12/02/02,P,England,11,5,1,1,0,0,0,0,0,0,0,0,0,0,324,101,1,0,Active,2024,2025
ENG,Fin Smith,87,1.78,22,11/05/02,FH,England,12,8,0,0,0,0,1,1,13,13,0,0,0,0,418,344,4,4,Active,2024,2025
ENG,Fraser Dingwall,93,1.88,25,07/04/99,C,England,4,4,1,1,0,0,0,0,0,0,0,0,0,0,313,313,4,4,Active,2024,2025
ENG,Freddie Steward,105,1.96,24,05/12/00,FB,England,36,13,8,2,0,0,0,0,0,0,1,0,1,1,2763,983,36,13,Active,2021,2025
ENG,Geoff Parling,110,2.01,41,28/10/83,L,England,32,12,1,1,0,0,0,0,0,0,0,0,0,0,2039,735,26,9,Inactive,2012,2015
ENG,George Ford,86,1.78,31,16/03/93,FH,England,104,48,10,6,6,2,71,26,69,24,0,0,0,0,5584,2522,68,32,Active,2014,2025
ENG,George Furbank,93,1.82,28,17/10/96,FB,England,14,7,3,2,0,0,0,0,0,0,0,0,0,0,904,483,13,7,Active,2020,2024
ENG,George Kruis,117,1.97,35,22/02/90,L,England,44,21,3,2,0,0,0,0,0,0,1,0,0,0,2385,1276,29,17,Inactive,2014,2020
ENG,George Martin,124,1.98,23,18/06/01,FL,England,22,7,0,0,0,0,0,0,0,0,0,0,0,0,1201,327,15,4,Active,2021,2025
ENG,Harry Randall,79,1.72,27,18/12/97,SH,England,16,8,2,0,0,0,0,0,0,0,0,0,0,0,513,218,6,3,Active,2021,2025
ENG,Harry Williams,132,1.91,33,01/10/91,P,England,19,6,0,0,0,0,0,0,0,0,0,0,0,0,527,117,3,0,Active,2017,2021
ENG,Henry Arundell,96,1.83,22,08/11/02,FB,England,10,4,7,1,0,0,0,0,0,0,1,0,0,0,327,107,4,1,Active,2022,2023
ENG,Henry Pollock,102,1.88,20,14/01/05,FL,England,1,1,2,2,0,0,0,0,0,0,0,0,0,0,32,32,0,0,Active,2025,2025
ENG,Henry Slade,98,1.94,31,19/03/93,C,England,73,30,9,4,0,0,0,0,4,0,0,0,0,0,4608,2075,55,26,Active,2015,2025
ENG,Henry Thomas,120,1.88,33,30/10/91,P,England,6,4,0,0,0,0,0,0,0,0,0,0,0,0,49,33,0,0,Switched,2013,2014
ENG,Immanuel Feyi-Waboso,90,1.83,22,20/12/02,C,Wales,9,4,5,1,0,0,0,0,0,0,0,0,0,0,424,102,6,1,Active,2024,2024
ENG,Jack Clifford,109,1.91,32,12/02/93,N8,Australia,10,7,1,0,0,0,0,0,0,0,0,0,0,0,230,114,2,1,Inactive,2016,2017
ENG,Jack Nowell,98,1.81,31,11/04/93,W,England,44,29,13,8,0,0,0,0,0,0,0,0,0,0,2706,1765,33,22,Active,2014,2022
ENG,Jack Van Poortvliet,90,1.83,23,15/05/01,SH,England,18,7,2,0,0,0,0,0,0,0,0,0,0,0,818,333,12,5,Active,2022,2025
ENG,Jack Walker,109,1.83,28,06/05/96,H,England,8,5,0,0,0,0,0,0,0,0,0,0,0,0,117,28,1,0,Active,2023,2023
ENG,Jack Willis,112,1.90,28,24/12/96,FL,England,15,5,4,2,0,0,0,0,0,0,1,1,0,0,529,232,7,4,Active,2020,2023
ENG,James Haskell,114,1.94,39,02/04/85,FL,England,76,41,4,3,0,0,0,0,0,0,5,4,0,0,4402,2407,54,31,Inactive,2007,2019
ENG,Jamie Blamire,113,1.85,27,22/12/97,H,England,7,1,6,0,0,0,0,0,0,0,0,0,0,0,255,1,3,0,Active,2021,2023
ENG,Jamie George,114,1.83,34,20/10/90,H,England,101,47,15,6,0,0,0,0,0,0,1,0,0,0,5065,2318,64,27,Active,2015,2025
ENG,Joe Cokanasiga,114,1.92,27,15/11/97,W,Fiji,16,2,13,0,0,0,0,0,0,0,0,0,0,0,1104,91,14,1,Active,2018,2023
ENG,Joe Heyes,126,1.93,25,13/04/99,P,England,12,5,1,1,0,0,0,0,0,0,0,0,0,0,276,110,2,0,Active,2021,2025
ENG,Joe Launchbury,130,1.98,33,12/04/91,L,England,70,31,5,1,0,0,0,0,0,0,0,0,0,0,3943,1689,52,22,Active,2012,2022
ENG,Joe Marchant,89,1.83,28,16/07/96,C,England,28,8,4,0,0,0,0,0,0,0,0,0,0,0,1558,435,18,5,Active,2019,2023
ENG,Joe Marler,114,1.83,34,07/07/90,P,England,94,40,0,0,0,0,0,0,0,0,1,0,0,0,4138,1803,57,26,Inactive,2012,2024
ENG,Jonathan Joseph,95,1.83,33,21/05/91,C,England,54,23,17,10,0,0,0,0,0,0,0,0,0,0,3360,1591,43,23,Active,2012,2020
ENG,Jonny Hill,122,2.02,30,08/06/94,L,England,23,6,1,1,0,0,0,0,0,0,2,1,0,0,1183,274,15,4,Active,2020,2023
ENG,Jonny May,92,1.85,34,01/04/90,W,England,77,30,37,14,0,0,0,0,0,0,3,1,0,0,5737,2140,77,29,Active,2013,2023
ENG,Kieran Brookes,120,1.88,34,29/08/90,P,England,17,6,0,0,0,0,0,0,0,0,0,0,0,0,287,82,1,0,Active,2014,2016
ENG,Kyle Sinckler,122,1.83,31,30/03/93,P,England,69,31,4,2,0,0,0,0,0,0,0,0,0,0,3304,1593,47,23,Active,2016,2023
ENG,Lewis Ludlam,111,1.92,29,08/12/95,FL,England,25,8,2,0,0,0,0,0,0,0,0,0,0,0,1276,539,14,7,Active,2019,2023
ENG,Luke Cowan-Dickie,112,1.84,31,20/06/93,H,England,51,24,1,1,0,0,0,0,0,0,1,1,0,0,1651,733,15,9,Active,2015,2025
ENG,Luther Burrell,109,1.93,37,06/12/87,C,England,15,10,4,3,0,0,0,0,0,0,0,0,0,0,1043,755,14,10,Inactive,2014,2016
ENG,Mako Vunipola,130,1.80,34,14/01/91,P,New Zealand,79,41,4,2,0,0,0,0,0,0,1,0,0,0,3252,1563,37,17,Active,2012,2023
ENG,Manu Tuilagi,111,1.85,33,18/05/91,C,Samoa,60,19,20,6,0,0,0,0,0,0,0,0,1,1,3895,1180,52,15,Active,2011,2024
ENG,Marcus Smith,83,1.75,26,14/02/99,FH,Philippines,46,17,14,4,1,1,41,21,59,15,3,1,0,0,2838,1028,34,11,Active,2021,2025
ENG,Mark Wilson,112,1.91,35,06/10/89,FL,England,23,10,1,0,0,0,0,0,0,0,0,0,0,0,1272,638,15,9,Inactive,2017,2021
ENG,Maro Itoje,115,1.98,30,28/10/94,L,England,93,45,8,2,0,0,0,0,0,0,1,0,0,0,7308,3520,91,44,Active,2016,2025
ENG,Matt Mullan,112,1.83,38,23/02/87,P,England,20,4,0,0,0,0,0,0,0,0,0,0,0,0,503,49,4,0,Inactive,2010,2017
ENG,Max Malins,88,1.82,28,07/01/97,W,England,22,12,2,2,0,0,0,0,0,0,0,0,0,0,1091,707,13,9,Active,2020,2023
ENG,Mike Brown,93,1.83,39,04/09/85,FB,England,75,32,14,5,0,0,0,0,0,0,0,0,0,0,5119,2112,66,27,Active,2007,2018
ENG,Nathan Hughes,126,1.96,33,10/06/91,N8,Fiji,22,11,1,0,0,0,0,0,0,0,1,0,0,0,975,441,12,6,Active,2016,2019
ENG,Nic Dolly,103,1.82,25,11/06/99,H,Australia,2,1,0,0,0,0,0,0,0,0,0,0,0,0,21,0,0,0,Active,2021,2021
ENG,Nick Easter,115,1.93,46,15/08/78,N8,England,54,26,8,1,0,0,0,0,0,0,0,0,0,0,3764,1801,48,22,Inactive,2007,2016
ENG,Nick Isiekwe,120,2.01,26,20/04/98,L,England,16,7,0,0,0,0,0,0,0,0,0,0,0,0,361,249,4,3,Active,2017,2024
ENG,Ollie Chessum,118,2.00,24,06/09/00,L,England,28,16,2,1,0,0,0,0,0,0,1,1,0,0,1530,902,19,12,Active,2022,2025
ENG,Ollie Devoto,105,1.93,31,22/09/93,C,England,4,3,0,0,0,0,0,0,0,0,0,0,0,0,9,4,0,0,Active,2015,2016
ENG,Ollie Hassell-Collins,105,1.92,26,17/01/99,W,England,2,2,0,0,0,0,0,0,0,0,0,0,0,0,118,118,2,2,Active,2023,2023
ENG,Ollie Lawrence,104,1.80,25,18/09/99,C,England,35,15,6,5,0,0,0,0,0,0,0,0,0,0,1913,877,25,12,Active,2020,2025
ENG,Ollie Sleightholme,93,1.81,24,13/04/00,W,England,8,3,6,2,0,0,0,0,0,0,0,0,0,0,427,204,5,3,Active,2024,2025
ENG,Ollie Thorley,97,1.85,28,11/09/96,W,England,1,10,0,0,0,0,0,0,0,0,0,0,0,0,27,27,0,0,Active,2020,2020
ENG,Owen Farrell,94,1.88,33,24/09/91,FH,England,111,48,10,5,5,0,257,108,199,87,2,0,1,0,8042,3722,100,48,Active,2012,2023
ENG,Paul Hill,123,1.89,30,02/03/95,P,Germany,8,3,0,0,0,0,0,0,0,0,0,0,0,0,95,11,0,0,Active,2016,2021
ENG,Richard Wigglesworth,84,1.76,41,09/06/83,SH,England,33,13,1,1,0,0,0,0,0,0,0,0,0,0,983,409,9,4,Inactive,2008,2018
ENG,Sam Simmonds,108,1.84,30,10/11/94,N8,England,19,9,2,2,0,0,0,0,0,0,0,0,0,0,854,539,9,6,Active,2017,2022
ENG,Sam Underhill,110,1.91,28,22/07/96,FL,United States,41,13,4,0,0,0,0,0,0,0,1,1,0,0,2387,715,4,10,Active,2017,2024
ENG,Ted Hill,112,1.96,25,26/03/99,FL,England,4,2,0,0,0,0,0,0,0,0,0,0,0,0,49,12,0,0,Active,2018,2025
ENG,Teimana Harrison,108,1.89,32,05/09/92,N8,New Zealand,6,1,1,0,0,0,0,0,0,0,0,0,0,0,228,0,3,0,Active,2016,2016
ENG,Theo Dan,102,1.79,24,26/12/00,H,England,21,6,3,0,0,0,0,0,0,0,0,0,0,0,467,112,3,0,Active,2023,2025
ENG,Tom Croft,110,1.98,39,07/11/85,FL,England,37,19,4,2,0,0,0,0,0,0,0,0,0,0,2131,1003,24,10,Inactive,2009,2013
ENG,Tom Curry,110,1.85,26,15/06/98,FL,England,62,24,6,5,0,0,0,0,0,0,2,1,1,0,4095,1685,58,24,Active,2017,2025
ENG,Tom Dunn,109,1.87,32,12/11/92,H,England,4,2,0,0,0,0,0,0,0,0,0,0,0,0,18,1,0,0,Active,2020,2020
ENG,Tom Roebuck,98,1.88,24,07/01/01,W,Scotland,4,1,2,1,0,0,0,0,0,0,0,0,0,0,131,80,1,1,Active,2024,2025
ENG,Tom Willis,102,1.92,26,18/01/99,N8,England,6,5,1,1,0,0,0,0,0,0,0,0,0,0,206,180,3,3,Active,2023,2025
ENG,Tom Wood,113,1.93,38,03/11/86,FL,England,50,12,0,0,0,0,0,0,0,0,0,0,0,0,1798,527,22,12,Inactive,2011,2022
ENG,Tom Youngs,104,1.76,38,28/01/87,H,England,50,22,0,0,0,0,0,0,0,0,0,0,0,0,3102,1277,38,16,Inactive,2012,2015
ENG,Tommy Freeman,103,1.91,23,05/03/01,FB,England,21,10,7,6,0,0,0,0,0,0,0,0,0,0,1568,765,21,10,Active,2022,2025
ENG,Will Stuart,132,1.88,28,12/07/96,P,England,52,25,3,1,0,0,0,0,0,0,1,0,0,0,1814,772,24,10,Active,2020,2025
ENG,Willi Heinz,94,1.81,38,24/11/86,SH,New Zealand,13,4,0,0,0,0,0,0,0,0,0,0,0,0,377,108,4,1,Active,2019,2020
FRA,Adrien Pelissie,110,1.81,34,07/08/90,H,France,7,5,0,0,0,0,0,0,0,0,0,0,0,0,131,91,2,1,Active,2018,2018
FRA,Alexandre Flanquart,120,2.04,35,09/10/89,L,France,23,10,0,0,0,0,0,0,0,0,0,0,0,0,1050,527,13,7,Inactive,2013,2016
FRA,Alexandre Menini,109,1.82,41,05/08/83,P,France,6,1,0,0,0,0,0,0,0,0,0,0,0,0,298,41,5,1,Inactive,2014,2015
FRA,Alexandre Roumat,110,1.98,27,27/06/97,N8,France,10,7,1,0,0,0,0,0,0,0,0,0,0,0,394,160,4,2,Active,2024,2025
FRA,Anthony Belleau,86,1.77,28,08/04/96,FH,France,12,4,1,0,0,0,3,0,5,1,0,0,0,0,473,78,5,0,Inactive,2017,2019
FRA,Anthony Bouthier,86,1.82,32,16/06/92,FB,France,11,7,1,1,0,0,0,0,0,0,1,1,0,0,434,373,6,5,Active,2020,2021
FRA,Anthony Jelonch,108,1.95,28,28/07/96,FL,France,33,16,3,2,0,0,0,0,0,0,0,0,0,0,1954,827,25,10,Active,2017,2025
FRA,Antoine Burban,106,1.91,37,22/07/87,FL,France,4,2,0,0,0,0,0,0,0,0,0,0,0,0,143,92,1,1,Inactive,2013,2016
FRA,Antoine Dupont,86,1.74,28,15/11/96,SH,France,59,31,15,9,0,0,0,0,0,0,0,0,1,1,3613,2001,49,27,Active,2017,2025
FRA,Arthur Iturria,112,1.98,30,13/05/94,FL,France,15,8,1,0,0,0,0,0,0,0,0,0,0,0,984,500,13,6,Active,2017,2020
FRA,Arthur Retiere,80,1.73,27,01/08/97,W,France,1,1,0,0,0,0,0,0,0,0,0,0,0,0,7,7,0,0,Active,2020,2020
FRA,Arthur Vincent,92,1.83,25,30/09/99,C,France,18,9,1,1,0,0,0,0,0,0,0,0,0,0,1055,590,12,7,Active,2020,2021
FRA,Baptiste Couilloud,83,1.76,27,22/07/97,SH,France,20,5,4,0,0,0,0,0,0,0,0,0,0,0,596,39,5,0,Active,2018,2023
FRA,Baptiste Serin,83,1.82,30,20/06/94,SH,France,49,20,26,1,0,0,12,2,16,3,2,1,0,0,1599,475,17,5,Active,2016,2024
FRA,Bastien Chalureau,118,2.02,33,13/02/92,L,France,7,1,0,0,0,0,0,0,0,0,0,0,0,0,168,21,1,0,Active,2022,2023
FRA,Benjamin Fall,93,1.86,36,03/03/89,FB,France,14,8,3,1,0,0,0,0,1,1,0,0,1,0,953,529,12,7,Inactive,2009,2018
FRA,Benjamin Kayser,109,1.82,40,26/07/84,H,France,39,16,3,1,0,0,0,0,0,0,0,0,0,0,1339,533,11,4,Inactive,2008,2015
FRA,Bernard Le Roux,116,1.96,35,04/06/89,L,South Africa,47,20,0,0,0,0,0,0,0,0,2,1,0,0,2723,1278,32,17,Inactive,2013,2023
FRA,Boris Palu,113,1.94,29,04/02/96,L,France,2,2,0,0,0,0,0,0,0,0,0,0,0,0,34,34,0,0,Active,2020,2020
FRA,Brice Dulin,84,1.76,34,13/04/90,FB,France,37,13,9,6,0,0,1,0,0,0,1,0,0,0,2845,1065,35,13,Active,2012,2020
FRA,Cameron Woki,111,1.96,26,07/11/98,L,France,31,11,2,0,0,0,0,0,0,0,0,0,0,0,1723,496,24,7,Active,2020,2024
FRA,Camille Chat,101,1.78,29,18/12/95,H,France,34,15,2,1,0,0,0,0,0,0,1,1,0,0,963,303,8,0,Active,2016,2021
FRA,Camille Lopez,90,1.76,35,03/04/89,FH,France,28,12,0,0,3,1,40,30,19,9,0,0,0,0,1698,833,22,11,Active,2013,2019
FRA,Cedate Gomes Sa,113,1.85,31,07/08/93,P,Portugal,9,5,1,0,0,0,0,0,0,0,0,0,0,0,299,131,3,1,Active,2018,2019
FRA,Charles Ollivon,114,1.99,31,11/05/93,FL,France,46,21,16,9,0,0,0,0,0,0,2,1,0,0,3291,1523,41,20,Active,2014,2024
FRA,Christopher Tolofua,125,1.82,31,31/12/93,H,France,8,3,0,0,0,0,0,0,0,0,1,0,0,0,132,54,0,0,Active,2012,2017
FRA,Clement Maynadier,110,1.87,36,11/10/88,H,France,8,1,0,0,0,0,0,0,0,0,0,0,0,0,124,9,1,0,Active,2016,2018
FRA,Cyril Baille,118,1.82,31,15/09/93,P,France,57,34,5,1,0,0,0,0,0,0,0,0,0,0,2614,1731,41,29,Active,2016,2025
FRA,Cyril Cazeaux,117,1.98,30,10/02/95,L,France,4,1,0,0,0,0,0,0,0,0,0,0,0,0,115,21,1,0,Active,2020,2020
FRA,Damian Penaud,97,1.88,28,25/09/96,W,France,56,28,38,17,0,0,0,0,0,0,0,0,0,0,4142,2128,53,27,Active,2017,2025
FRA,Damien Chouly,106,1.92,39,27/11/85,FL,France,48,20,3,2,0,0,0,0,0,0,0,0,0,0,2485,999,28,11,Inactive,2007,2017
FRA,Dany Priso,112,1.82,31,02/01/94,P,Cameroon,18,7,0,0,0,0,0,0,0,0,0,0,0,0,476,121,3,0,Active,2018,2022
FRA,Demba Bamba,125,1.85,26,17/03/98,P,France,28,13,0,0,0,0,0,0,0,0,0,0,0,0,1041,512,9,4,Active,2018,2024
FRA,Djibril Camara,90,1.83,35,22/06/89,W,France,4,2,0,0,0,0,0,0,0,0,0,0,0,0,203,87,3,1,Active,2016,2017
FRA,Dorian Aldegheri,119,1.80,31,04/08/93,P,France,22,13,0,0,0,0,0,0,0,0,1,1,0,0,705,357,5,1,Active,2019,2025
FRA,Dylan Cretin,105,1.95,27,04/05/97,FL,France,22,13,1,1,0,0,0,0,0,0,0,0,0,0,891,432,10,4,Active,2020,2023
FRA,Eddy Ben Arous,110,1.83,34,25/08/90,P,France,20,10,0,0,0,0,0,0,0,0,0,0,0,0,807,402,10,4,Active,2013,2017
FRA,Emilien Gailleton,89,1.85,21,13/07/03,C,England,8,2,3,1,0,0,0,0,0,0,0,0,0,0,339,14,4,0,Active,2023,2025
FRA,Emmanuel Meafou,142,2.03,26,12/07/98,L,New Zealand,9,6,0,0,0,0,0,0,0,0,0,0,0,0,428,279,7,4,Active,2024,2025
FRA,Esteban Abadie,100,1.88,27,01/12/97,FL,France,1,1,0,0,0,0,0,0,0,0,0,0,0,0,15,15,0,0,Active,2024,2024
FRA,Ethan Dumortier,95,1.92,24,29/12/00,W,France,6,5,2,2,0,0,0,0,0,0,0,0,0,0,439,382,6,5,Active,2023,2023
FRA,Etienne Falgoux,112,1.83,32,19/01/93,P,France,3,3,0,0,0,0,0,0,0,0,0,0,0,0,146,146,1,1,Active,2019,2019
FRA,Fabien Sanconnie,114,1.95,30,21/02/95,FL,France,4,2,0,0,0,0,0,0,0,0,0,0,0,0,219,134,3,2,Active,2017,2018
FRA,Felix Lambey,106,1.96,30,15/03/94,L,France,10,5,0,0,0,0,0,0,0,0,0,0,0,0,458,299,5,4,Active,2018,2020
FRA,Francois Cros,111,1.90,30,25/03/94,FL,France,39,24,1,1,0,0,0,0,0,0,2,2,0,0,2364,1549,31,21,Active,2019,2025
FRA,Francois Trinh-Duc,90,1.86,38,11/11/86,FH,France,67,36,9,2,7,3,7,0,7,2,0,0,0,0,3432,1811,24,23,Inactive,2008,2018
FRA,Gabin Villiere,93,1.80,29,13/12/95,W,France,18,6,8,3,0,0,0,0,0,0,0,0,0,0,1456,480,8,3,Active,2020,2024
FRA,Gael Fickou,100,1.90,30,26/03/94,C,France,94,50,17,13,0,0,0,0,0,0,1,1,0,0,6117,3373,74,41,Active,2013,2025
FRA,Gaetan Barlot,107,1.84,27,13/04/97,H,France,9,3,0,0,0,0,0,0,0,0,0,0,0,0,383,38,5,0,Active,2021,2024
FRA,Geoffrey Doumayrou,95,1.86,35,16/09/89,C,France,13,7,0,0,0,0,0,0,0,0,0,0,0,0,818,478,11,6,Inactive,2017,2019
FRA,Geoffrey Palis,96,1.89,33,08/07/91,W,France,3,3,0,0,0,0,0,0,0,0,0,0,0,0,160,160,2,2,Active,2018,2018
FRA,Georges-Henri Colombe,142,1.93,26,09/04/98,P,France,9,4,1,1,0,0,0,0,0,0,1,0,0,0,340,103,2,0,Active,2024,2025
FRA,Greg Alldritt,114,1.91,27,23/03/97,N8,France,56,34,6,5,0,0,0,0,0,0,1,1,0,0,3561,2167,50,30,Active,2019,2025
FRA,Guilhem Guirado,109,1.83,38,17/06/86,H,France,74,33,8,2,0,0,0,0,0,0,0,0,0,0,3694,1691,50,24,Inactive,2008,2019
FRA,Hassane Kolingar,116,1.86,27,06/03/98,P,France,3,1,0,0,0,0,0,0,0,0,0,0,0,0,86,5,1,0,Active,2020,2021
FRA,Henry Chavancy,97,1.81,36,22/05/88,C,France,4,2,1,0,0,0,0,0,0,0,0,0,0,0,261,101,3,1,Active,2017,2018
FRA,Hugo Auradou,102,2.00,21,20/07/03,L,France,5,4,0,0,0,0,0,0,0,0,0,0,0,0,125,73,1,0,Active,2024,2025
FRA,Hugo Bonneval,90,1.85,34,19/11/90,FB,France,11,6,4,3,0,0,0,0,0,0,0,0,0,0,703,388,9,5,Inactive,2014,2018
FRA,Jean-Baptiste Gros,112,1.85,25,29/05/99,P,France,37,17,1,0,0,0,0,0,0,0,0,0,0,0,1406,560,18,5,Active,2020,2025
FRA,Jean-Marc Doussain,93,1.74,34,12/02/91,FH,France,17,8,1,0,0,0,10,7,3,3,0,0,0,0,411,194,5,3,Inactive,2011,2017
FRA,Jefferson Poirot,117,1.81,32,01/11/92,P,France,36,17,1,0,0,0,0,0,0,0,1,0,0,0,1947,898,32,14,Active,2016,2020
FRA,Jocelino Suta,112,1.95,42,18/11/82,L,France,6,3,0,0,0,0,0,0,0,0,0,0,0,0,209,100,2,1,Inactive,2013,2015
FRA,Jonathan Danty,110,1.81,32,07/10/92,C,France,29,12,6,2,0,0,0,0,0,0,0,0,1,1,1961,842,27,12,Active,2020,2024
FRA,Jules Plisson,92,1.84,33,20/08/91,FH,France,19,11,0,0,0,0,17,8,10,6,0,0,0,0,955,668,11,8,Active,2014,2018
FRA,Julien Ledevedec,115,1.99,38,04/06/86,L,France,11,4,0,0,0,0,0,0,0,0,0,0,0,0,513,133,5,1,Inactive,2015,2017
FRA,Julien Marchand,110,1.81,29,10/05/95,H,France,45,31,2,1,0,0,0,0,0,0,1,0,0,0,2129,1574,31,22,Active,2018,2025
FRA,Kelian Galletier,103,1.90,32,18/03/92,FL,France,6,2,0,0,0,0,0,0,0,0,0,0,0,0,214,39,2,0,Active,2016,2019
FRA,Kevin Gourdon,103,1.90,35,23/01/90,FL,France,19,6,0,0,0,0,0,0,0,0,0,0,0,0,1399,500,18,6,Inactive,2016,2018
FRA,Leo Barre,89,1.89,22,20/08/02,FB,France,7,3,3,3,0,0,0,0,0,0,0,0,0,0,504,240,7,3,Active,2024,2025
FRA,Lionel Beauxis,90,1.80,39,24/10/85,FH,France,27,16,1,0,4,3,31,15,22,8,0,0,0,0,1202,663,14,7,Inactive,2007,2018
FRA,Loann Goujon,114,1.94,35,23/04/89,N8,France,17,11,1,0,0,0,0,0,0,0,0,0,0,0,643,356,8,4,Inactive,2014,2017
FRA,Louis Bielle-Biarrey,84,1.85,21,19/06/03,W,France,19,9,18,9,0,0,0,0,0,0,0,0,0,0,1391,646,17,8,Active,2023,2025
FRA,Louis Carbonel,88,1.80,26,04/02/99,FH,France,6,1,0,0,0,0,4,0,2,0,0,0,0,0,225,20,2,0,Active,2020,2020
FRA,Louis Picamoles,118,1.92,39,05/02/86,N8,France,82,33,10,5,0,0,0,0,0,0,3,1,0,0,4637,1860,62,24,Inactive,2008,2019
FRA,Marco Tauleigne,118,1.91,31,30/08/93,N8,France,5,5,0,0,0,0,0,0,0,0,0,0,0,0,311,311,4,4,Active,2018,2018
FRA,Mathieu Babillot,111,1.90,31,09/09/93,FL,France,5,1,0,0,0,0,0,0,0,0,0,0,0,0,246,55,2,0,Active,2018,2019
FRA,Mathieu Bastareaud,125,1.83,36,17/09/88,C,France,54,30,5,4,0,0,0,0,0,0,0,0,0,0,3181,1845,38,23,Inactive,2009,2019
FRA,Matthieu Jalibert,86,1.84,26,06/11/98,FH,France,35,16,3,1,1,0,9,5,22,14,0,0,0,0,1752,687,22,9,Active,2018,2025
FRA,Matthis Lebel,91,1.85,25,25/03/99,W,France,6,2,2,0,0,0,0,0,0,0,0,0,0,0,336,81,4,1,Active,2021,2024
FRA,Maxime Lucu,83,1.77,32,12/01/93,SH,France,30,15,1,1,0,0,1,0,2,1,0,0,0,0,827,383,10,4,Active,2021,2025
FRA,Maxime Machenaud,87,1.74,36,30/12/88,SH,France,38,22,1,0,0,0,38,29,15,10,0,0,0,0,1777,1040,23,12,Active,2012,2019
FRA,Maxime Medard,88,1.80,38,16/11/86,FB,France,65,25,14,8,1,0,0,0,0,0,0,0,0,0,4313,1689,55,21,Inactive,2008,2019
FRA,Maxime Mermoz,93,1.81,38,28/07/86,C,France,35,15,3,1,0,0,0,0,0,0,0,0,0,0,2120,813,27,10,Inactive,2008,2016
FRA,Melvyn Jaminet,85,1.80,25,30/06/99,FB,France,21,7,2,0,0,0,46,12,33,9,0,0,0,0,1152,388,14,5,Active,2021,2024
FRA,Mickael Guillard,113,1.97,24,10/12/00,L,France,10,5,1,1,0,0,0,0,0,0,0,0,0,0,383,187,4,3,Active,2024,2025
FRA,Mohamed Haouas,127,1.85,31,09/03/94,P,France,16,13,0,0,0,0,0,0,0,0,2,2,2,2,764,631,13,11,Active,2020,2023
FRA,Morgan Parra,83,1.80,36,15/11/88,SH,France,72,33,3,1,1,1,84,39,47,24,1,1,0,0,3455,1610,46,21,Inactive,2008,2019
FRA,Nicolas Depoortere,94,1.94,22,13/01/03,C,France,2,2,0,0,0,0,0,0,0,0,0,0,0,0,131,131,2,2,Active,2024,2024
FRA,Nicolas Mas,108,1.79,44,25/05/80,P,France,85,38,1,0,0,0,0,0,0,0,1,1,0,0,4567,2244,66,36,Inactive,2003,2015
FRA,Noa Nakaitaci,96,1.90,34,11/07/90,W,Fiji,15,7,2,1,0,0,0,0,0,0,0,0,0,0,1220,580,15,7,Inactive,2015,2017
FRA,Nolann Le Garrec,75,1.75,22,14/05/02,SH,France,11,9,2,2,0,0,0,0,0,0,0,0,0,0,297,266,2,2,Active,2023,2025
FRA,Oscar Jegou,90,1.90,21,31/05/03,FL,France,6,5,1,1,0,0,0,0,0,0,0,0,0,0,231,151,1,0,Active,2024,2025
FRA,Pascal Pape,115,1.96,44,05/10/80,L,France,65,27,5,1,0,0,1,1,0,0,1,1,0,0,4178,1626,57,22,Inactive,2004,2015
FRA,Paul Boudehent,107,1.92,25,21/11/99,FL,France,19,10,5,2,0,0,0,0,0,0,0,0,0,0,886,452,11,6,Active,2023,2025
FRA,Paul Gabrillagues,119,1.99,31,03/06/93,L,France,18,8,2,2,0,0,0,0,0,0,1,0,0,0,775,385,11,5,Active,2017,2024
FRA,Paul Jedrasiak,121,2.00,32,06/02/93,L,France,10,5,0,0,0,0,0,0,0,0,0,0,0,0,341,182,2,2,Active,2016,2017
FRA,Paul Willemse,129,2.01,32,13/11/92,L,South Africa,32,24,2,2,0,0,0,0,0,0,1,2,1,2,1603,1256,26,21,Active,2019,2024
FRA,Peato Mauvaka,112,1.80,28,10/01/97,H,France,42,20,11,1,0,0,0,0,0,0,0,0,0,0,1693,679,19,8,Active,2020,2025
FRA,Pierre Bourgarit,105,1.84,27,12/09/97,H,France,14,3,1,0,0,0,0,0,0,0,0,0,0,0,410,44,3,0,Active,2018,2023
FRA,Pierre-Louis Barassi,102,1.88,26,22/04/98,C,France,7,4,2,1,0,0,0,0,0,0,0,0,0,0,429,286,5,4,Active,2019,2025
FRA,Posolo Tuilagi,149,1.94,20,28/07/04,L,Samoa,5,3,0,0,0,0,0,0,0,0,0,0,0,0,170,107,1,1,Active,2024,2024
FRA,Rabah Slimani,124,1.78,35,18/10/89,P,France,57,24,4,1,0,0,0,0,0,0,3,0,1,1,2705,1118,35,14,Active,2013,2019
FRA,Reda Wardi,111,1.85,29,02/08/95,P,France,18,6,0,0,0,0,0,0,0,0,0,0,0,0,636,140,3,0,Active,2022,2024
FRA,Remi Lamerat,106,1.84,35,14/01/90,C,France,18,10,2,1,0,0,0,0,0,0,0,0,0,0,1043,585,14,8,Inactive,2014,2018
FRA,Remi Tales,93,1.86,40,02/05/84,FH,France,24,6,0,0,0,0,0,0,0,0,1,0,0,0,897,178,8,1,Inactive,2013,2015
FRA,Remy Grosso,104,1.91,36,04/12/88,W,France,5,3,2,0,0,0,0,0,0,0,0,0,0,0,379,240,5,3,Inactive,2015,2018
FRA,Romain Ntamack,94,1.86,25,01/05/99,FH,France,41,26,7,5,1,1,19,13,30,14,0,0,1,1,2626,1782,35,23,Active,2019,2025
FRA,Romain Taofifenua,135,2.00,34,14/09/90,L,France,55,30,3,3,0,0,0,0,0,0,1,0,0,0,1864,814,15,4,Active,2012,2025
FRA,Rory Kockott,92,1.80,38,25/06/86,FH,South Africa,11,4,0,0,0,0,3,1,3,0,0,0,0,0,296,168,2,2,Inactive,2014,2015
FRA,Scott Spedding,98,1.88,38,04/05/86,FB,South Africa,24,9,1,1,0,0,7,2,0,0,0,0,0,0,1855,686,24,9,Inactive,2014,2017
FRA,Sebastien Bezy,78,1.74,33,22/11/91,SH,France,8,5,0,0,0,0,0,0,0,0,0,0,0,0,185,145,2,2,Active,2016,2020
FRA,Sebastien Taofifenua,130,1.78,32,21/03/92,P,France,9,4,0,0,0,0,0,0,0,0,0,0,0,0,247,118,0,0,Active,2017,2024
FRA,Sebastien Tillous-Borde,93,1.76,39,29/04/85,SH,France,19,7,3,1,0,0,0,0,0,0,0,0,0,0,1003,303,14,4,Inactive,2008,2015
FRA,Sebastien Vahaamahina,127,2.03,33,21/10/91,L,France,45,20,1,0,0,0,0,0,0,0,1,1,1,0,2576,1178,32,15,Inactive,2012,2019
FRA,Sekou Macalou,108,1.95,29,20/04/95,FL,France,22,5,2,0,0,0,0,0,0,0,0,0,0,0,793,72,6,0,Active,2017,2023
FRA,Sipili Falatea,116,1.83,27,06/06/97,P,France,14,5,1,0,0,0,0,0,0,0,0,0,0,0,504,197,1,0,Active,2021,2023
FRA,Sofiane Guitoune,97,1.86,35,27/03/89,C,Algeria,9,1,3,0,0,0,0,0,0,0,0,0,0,0,692,80,9,1,Active,2013,2019
FRA,Swan Rebbadj,121,2.02,30,15/01/95,L,France,3,2,1,1,0,0,0,0,0,0,0,0,0,0,150,144,1,1,Active,2020,2021
FRA,Teddy Thomas,98,1.85,31,18/09/93,W,France,28,13,15,6,0,0,0,0,0,0,0,0,0,0,1972,797,26,11,Active,2014,2021
FRA,Theo Attissogbe,82,1.81,20,19/11/04,W,France,5,2,5,3,0,0,0,0,0,0,0,0,0,0,392,160,5,2,Active,2024,2025
FRA,Thibaud Flament,116,2.03,27,29/04/97,L,France,32,14,6,3,0,0,0,0,0,0,0,0,0,0,1822,854,24,10,Active,2021,2025
FRA,Thierry Dusautoir,95,1.88,43,18/11/81,FL,Ivory Coast,80,34,6,1,0,0,0,0,0,0,0,0,0,0,6112,2670,79,34,Inactive,2006,2015
FRA,Thomas Lavault,108,1.99,25,03/05/99,L,France,2,1,0,0,0,0,0,0,0,0,0,0,0,0,75,0,0,0,Active,2022,2023
FRA,Thomas Ramos,87,1.78,29,23/07/95,FB,France,47,27,6,4,1,1,73,32,99,52,0,0,0,0,2589,1380,32,17,Active,2019,2025
FRA,Uini Atonio,147,1.97,34,26/03/90,P,New Zealand,68,36,2,1,0,0,0,0,0,0,2,2,0,0,2804,1438,43,22,Active,2014,2025
FRA,Vincent Debaty,122,1.90,43,02/10/81,P,Belgium,38,17,1,1,0,0,0,0,0,0,0,0,0,0,1212,514,6,2,Inactive,2006,2015
FRA,Vincent Pelo,137,1.87,36,22/04/88,P,France,2,2,0,0,0,0,0,0,0,0,0,0,0,0,21,21,0,0,Active,2016,2016
FRA,Vincent Rattez,89,1.81,32,24/03/92,W,France,8,3,1,1,0,0,0,0,0,0,0,0,0,0,402,236,5,3,Active,2017,2020
FRA,Virimi Vakatawa,98,1.85,32,01/05/92,C,Fiji,32,18,10,3,0,0,0,0,0,0,1,1,0,0,2353,1334,31,18,Inactive,2014,2017
FRA,Wenceslas Lauret,103,1.88,35,28/03/89,FL,France,28,15,1,0,0,0,0,0,0,0,0,0,0,0,1870,961,25,13,Inactive,2010,2019
FRA,Wesley Fofana,93,1.82,37,20/01/88,C,France,48,19,16,8,0,0,0,0,0,0,0,0,0,0,3673,1496,47,19,Inactive,2012,2019
FRA,Xavier Chiocci,123,1.81,35,13/02/90,P,France,10,3,0,0,0,0,0,0,0,0,1,1,0,0,274,76,2,0,Active,2014,2017
FRA,Yacouba Camara,112,1.95,30,02/06/94,FL,France,17,10,0,0,0,0,0,0,0,0,0,0,0,0,1056,671,14,9,Active,2016,2019
FRA,Yoann Huget,97,1.90,37,02/06/87,W,France,64,30,14,7,0,0,0,0,0,0,1,1,0,0,4463,2025,56,25,Inactive,2010,2019
FRA,Yoann Maestri,119,2.02,37,14/01/88,L,France,71,30,1,1,0,0,0,0,0,0,1,0,1,0,4977,2059,66,27,Inactive,2012,2018
FRA,Yoram Moefana,95,1.83,24,18/07/00,C,France,36,19,6,3,0,0,0,0,0,0,0,0,0,0,2163,1095,25,12,Active,2020,2025
IRE,Andrew Conway,91,1.80,33,11/07/91,W,Ireland,30,11,14,3,0,0,1,0,0,0,1,0,0,0,1854,720,23,8,Inactive,2017,2022
IRE,Andrew Porter,125,1.85,29,16/01/96,P,Ireland,75,35,6,3,0,0,0,0,0,0,1,0,0,0,3815,1792,50,23,Active,2017,2025
IRE,Andrew Trimble,97,1.88,40,20/10/84,W,Northern Ireland,69,32,17,7,0,0,0,0,0,0,1,0,0,0,4530,2100,57,26,Inactive,2005,2017
IRE,Billy Burns,87,1.83,30,13/06/94,FH,England,8,4,1,0,0,0,6,2,3,0,0,0,0,0,200,70,2,1,Active,2020,2021
IRE,Bundee Aki,101,1.78,34,07/04/90,C,New Zealand,65,34,18,6,0,0,0,0,0,0,0,0,2,1,4365,2218,58,30,Active,2017,2025
IRE,Caelan Doris,106,1.93,26,02/04/98,N8,Ireland,51,23,9,2,0,0,0,0,0,0,2,1,0,0,3618,1576,49,22,Active,2020,2025
IRE,Calvin Nash,90,1.80,27,08/08/97,W,Ireland,10,7,3,3,0,0,0,0,0,0,1,1,0,0,580,420,9,7,Active,2023,2025
IRE,Chris Farrell,110,1.91,32,16/03/93,C,Northern Ireland,15,15,4,1,0,0,0,0,0,0,0,0,0,0,994,268,12,3,Active,2017,2021
IRE,Christiaan Johan Stander,115,1.89,34,05/04/90,N8,South Africa,51,28,12,8,0,0,0,0,0,0,1,1,1,0,3727,2116,48,27,Inactive,2016,2021
IRE,Cian Healy,117,1.85,37,07/10/87,P,Ireland,138,67,13,7,0,0,0,0,0,0,2,1,0,0,6493,3285,87,44,Inactive,2009,2025
IRE,Ciaran Frawley,98,1.91,27,04/12/97,C,Australia,8,3,1,1,2,0,0,0,1,0,0,0,0,0,293,126,1,1,Active,2023,2024
IRE,Conor Murray,94,1.88,35,20/04/89,SH,Ireland,126,62,18,10,0,0,5,2,5,3,4,4,0,0,6696,3419,91,47,Inactive,2011,2025
IRE,Craig Casey,76,1.65,25,19/04/99,SH,Ireland,19,7,1,0,0,0,0,0,0,0,0,0,0,0,593,213,6,2,Active,2021,2024
IRE,Craig Gilroy,93,1.83,34,11/03/91,W,Northern Ireland,11,5,8,4,0,0,0,0,0,0,0,0,0,0,721,331,9,4,Inactive,2012,2017
IRE,Dan Leavy,106,1.91,30,23/05/94,FL,Ireland,11,6,3,1,0,0,0,0,0,0,0,0,0,0,551,379,6,4,Inactive,2016,2018
IRE,Dan Sheehan,110,1.91,26,17/09/98,H,Ireland,32,19,15,13,0,0,0,0,0,0,0,0,0,0,1623,1009,23,14,Active,2021,2025
IRE,Dave Heffernan,111,1.87,34,31/01/91,H,Ireland,7,2,1,1,0,0,0,0,0,0,0,0,0,0,142,53,0,0,Active,2017,2022
IRE,Dave Kearney,91,1.80,35,19/06/89,W,Ireland,20,7,6,0,0,0,0,0,0,0,0,0,0,0,1298,439,16,6,Inactive,2013,2019
IRE,Dave Kilcoyne,112,1.85,36,14/12/88,P,Ireland,57,22,2,0,0,0,0,0,0,0,0,0,0,0,1698,527,14,3,Active,2012,2023
IRE,Devin Toner,126,2.11,38,29/06/86,L,Ireland,70,31,2,1,0,0,0,0,0,0,0,0,0,0,4173,1816,53,24,Inactive,2010,2020
IRE,Donnacha Ryan,114,2.01,41,11/12/83,L,Ireland,47,21,0,0,0,0,0,0,0,0,2,2,0,0,2259,1164,26,14,Inactive,2008,2017
IRE,Ed Byrne,115,1.80,31,09/09/93,P,Ireland,6,3,0,0,0,0,0,0,0,0,0,0,0,0,149,81,0,0,Active,2020,2021
IRE,Eoin Reddan,83,1.76,44,20/11/80,SH,Ireland,71,27,2,2,0,0,0,0,0,0,0,0,0,0,2369,858,25,9,Inactive,2006,2016
IRE,Felix Jones,90,1.85,37,05/08/87,FB,Ireland,13,2,3,0,0,0,0,0,0,0,0,0,0,0,495,23,5,0,Inactive,2011,2015
IRE,Fergus McFadden,93,1.80,38,17/06/86,W,Ireland,35,18,12,4,0,0,0,0,0,0,0,0,0,0,1527,493,16,4,Inactive,2011,2018
IRE,Finlay Bealham,123,1.89,33,09/10/91,P,Australia,53,20,3,1,0,0,0,0,0,0,1,0,0,0,1568,652,17,8,Active,2016,2025
IRE,Garry Ringrose,92,1.86,30,26/01/95,C,Ireland,68,29,15,5,0,0,0,0,0,0,0,0,1,1,4633,2029,58,27,Active,2016,2025
IRE,Gus McCarthy,107,1.78,21,23/07/03,H,Ireland,4,2,2,0,0,0,0,0,0,0,0,0,0,0,110,16,1,0,Active,2024,2025
IRE,Harry Byrne,95,1.91,25,22/04/99,FH,Ireland,4,2,0,0,0,0,0,0,5,1,1,1,0,0,90,33,0,0,Active,2021,2024
IRE,Hugo Keenan,92,1.85,28,18/06/96,FB,Ireland,46,23,13,7,0,0,0,0,0,0,0,0,0,0,3557,1770,46,23,Active,2020,2025
IRE,Iain Henderson,116,1.98,33,21/02/92,L,Northern Ireland,87,39,6,2,0,0,0,0,0,0,1,0,0,0,4024,1534,47,16,Active,2012,2025
IRE,Ian Keatley,92,1.80,37,01/04/87,FH,Ireland,13,2,3,0,0,0,17,4,20,1,0,0,0,0,649,71,8,1,Inactive,2009,2017
IRE,Ian Madigan,91,1.81,35,21/03/89,FH,Ireland,31,12,2,1,0,0,19,1,27,4,0,0,0,0,852,148,6,0,Inactive,2013,2016
IRE,Isaac Boss,89,1.79,44,09/04/80,SH,New Zealand,21,5,3,1,0,0,0,0,0,0,0,0,0,0,689,102,8,1,Inactive,2006,2015
IRE,Jack Boyle,113,1.85,23,10/03/02,P,Ireland,2,2,0,0,0,0,0,0,0,0,0,0,0,0,26,26,0,0,Active,2025,2025
IRE,Jack Carty,92,1.83,32,31/08/92,FH,Ireland,11,4,0,0,0,0,2,0,5,1,0,0,0,0,311,36,2,1,Active,2019,2022
IRE,Jack Conan,111,1.93,32,29/07/92,N8,Ireland,51,28,13,8,0,0,0,0,0,0,0,0,0,0,2377,1111,24,10,Active,2015,2025
IRE,Jack Crowley,90,1.85,25,13/01/00,FH,Ireland,25,11,2,1,1,0,16,7,34,16,0,0,0,0,1159,538,13,6,Active,2022,2025
IRE,Jack McGrath,121,1.85,35,11/10/89,P,Ireland,58,26,2,2,0,0,0,0,0,0,1,0,0,0,2667,1144,34,14,Inactive,2013,2019
IRE,Jacob Stockdale,103,1.91,28,03/04/96,W,Northern Ireland,38,16,19,10,0,0,0,0,0,0,1,0,0,0,2850,1262,37,16,Active,2017,2024
IRE,James Cronin,118,1.84,34,23/11/90,P,Ireland,7,5,0,0,0,0,0,0,0,0,0,0,0,0,227,88,2,0,Active,2014,2016
IRE,James Hume,98,1.88,26,07/09/98,C,Northern Ireland,3,2,0,0,0,0,0,0,0,0,0,0,0,0,131,51,1,0,Active,2021,2022
IRE,James Lowe,105,1.88,32,08/07/92,W,New Zealand,40,21,17,11,0,0,0,0,0,0,0,0,0,0,3126,1668,40,21,Active,2020,2025
IRE,James Ryan,115,2.01,28,24/07/96,L,Ireland,72,32,5,2,0,0,0,0,0,0,2,1,0,0,4549,2029,62,28,Active,2017,2025
IRE,James Tracy,107,1.84,33,02/04/91,H,Ireland,6,1,1,0,0,0,0,0,0,0,0,0,0,0,144,18,1,0,Inactive,2016,2017
IRE,Jamie Heaslip,110,1.93,41,15/12/83,N8,Ireland,97,45,13,9,0,0,0,0,0,0,1,0,1,0,7362,3507,94,44,Inactive,2006,2017
IRE,Jamie Osborne,98,1.93,23,16/11/01,C,Ireland,7,2,2,1,0,0,0,0,0,0,0,0,0,0,346,160,5,2,Active,2024,2025
IRE,Jamison Gibson-Park,83,1.75,33,23/02/92,SH,New Zealand,44,24,7,4,0,0,0,0,0,0,0,0,0,0,2588,1336,36,18,Active,2020,2025
IRE,Jared Payne,98,1.83,39,13/10/85,FB,New Zealand,20,10,4,2,0,0,0,0,0,0,0,0,0,0,1504,768,20,10,Inactive,2014,2017
IRE,Jeremy Loughman,120,1.83,29,22/07/95,P,United States,5,1,0,0,0,0,0,0,0,0,0,0,0,0,185,25,1,0,Active,2022,2024
IRE,Jimmy O'Brien,90,1.83,28,27/11/96,FB,Ireland,8,2,1,0,0,0,0,0,0,0,0,0,0,0,373,46,4,0,Active,2022,2023
IRE,Joe McCarthy,119,1.98,23,26/03/01,L,United States,19,8,2,0,0,0,0,0,0,0,2,1,0,0,1070,451,15,7,Active,2022,2025
IRE,Joey Carbery,86,1.83,29,01/11/95,FH,New Zealand,38,12,2,1,0,0,14,2,57,11,0,0,0,0,1197,283,12,2,Active,2016,2022
IRE,John Cooney,87,1.78,34,01/05/90,SH,Ireland,11,7,1,1,0,0,0,0,1,1,0,0,0,0,176,92,1,0,Active,2017,2020
IRE,John Ryan,121,1.85,36,02/08/88,P,Ireland,25,9,1,0,0,0,0,0,0,0,0,0,0,0,651,117,6,0,Active,2016,2021
IRE,Johnny Sexton,92,1.88,39,11/07/85,FH,Ireland,125,60,19,7,3,2,215,107,181,102,2,2,0,0,8008,4014,114,56,Inactive,2009,2023
IRE,Jordan Larmour,91,1.78,27,10/06/97,W,Ireland,32,17,7,2,0,0,0,0,0,0,0,0,0,0,1441,605,14,6,Active,2018,2024
IRE,Jordi Murphy,106,1.88,33,22/04/91,FL,Spain,31,11,3,0,0,0,0,0,0,0,0,0,0,0,1387,325,16,3,Inactive,2014,2019
IRE,Josh Van Der Flier,105,1.83,31,25/04/93,FL,Ireland,73,35,13,4,0,0,0,0,0,0,0,0,0,0,4774,2191,63,30,Active,2016,2025
IRE,Keith Earls,92,1.78,37,02/10/87,W,Ireland,103,45,36,14,0,0,0,0,0,0,0,0,0,0,6726,3113,86,39,Inactive,2008,2023
IRE,Kieran Marmion,85,1.80,33,11/02/92,SH,England,34,12,5,0,0,0,0,0,0,0,0,0,0,0,820,195,8,1,Active,2014,2020
IRE,Kieran Treadwell,117,1.99,29,06/11/95,L,England,11,3,1,1,0,0,0,0,0,0,0,0,0,0,229,44,2,0,Active,2017,2023
IRE,Luke Fitzgerald,92,1.85,37,13/09/87,W,Ireland,35,16,4,2,0,0,0,0,0,0,0,0,0,0,1970,906,23,10,Inactive,2006,2016
IRE,Luke McGrath,84,1.75,32,03/02/93,SH,Canada,20,2,3,0,0,0,0,0,0,0,0,0,0,0,540,12,4,0,Active,2016,2019
IRE,Mack Hansen,89,1.88,26,27/03/98,W,Australia,28,12,12,4,0,0,0,0,0,0,0,0,0,0,2078,939,27,12,Active,2022,2025
IRE,Marty Moore,126,1.80,34,01/03/91,P,Ireland,10,10,0,0,0,0,0,0,0,0,0,0,0,0,227,227,0,0,Inactive,2014,2015
IRE,Max Deegan,110,1.93,28,01/10/96,N8,Ireland,2,1,0,0,0,0,0,0,0,0,0,0,0,0,30,9,0,0,Active,2020,2022
IRE,Mike Lowry,80,1.71,26,20/08/98,FB,Northern Ireland,1,1,2,2,0,0,0,0,0,0,0,0,0,0,80,80,1,1,Active,2022,2022
IRE,Mike McCarthy,108,1.93,43,27/11/81,L,England,20,8,0,0,0,0,0,0,0,0,0,0,0,0,900,440,12,6,Inactive,2011,2016
IRE,Mike Ross,127,1.88,45,21/12/79,P,Ireland,62,28,0,0,0,0,0,0,0,0,0,0,0,0,3978,1833,60,28,Inactive,2009,2016
IRE,Nathan White,122,1.88,43,04/09/81,P,New Zealand,13,5,0,0,0,0,0,0,0,0,0,0,0,0,447,190,4,2,Inactive,2015,2016
IRE,Niall Scannell,111,1.85,32,08/04/92,H,Ireland,21,8,1,0,0,0,0,0,0,0,0,0,0,0,711,157,9,1,Active,2017,2019
IRE,Oli Jager,127,1.92,29,05/07/95,P,England,1,1,0,0,0,0,0,0,0,0,0,0,0,0,26,26,0,0,Active,2024,2024
IRE,Paddy Jackson,89,1.80,33,05/01/92,FH,Northern Ireland,26,11,2,2,1,0,31,11,51,15,0,0,0,0,1320,426,15,5,Inactive,2013,2017
IRE,Paul O'Connell,111,1.98,45,20/10/79,L,Ireland,114,51,8,3,0,0,0,0,0,0,4,0,0,0,7882,3718,105,47,Inactive,2002,2015
IRE,Peter O'Mahony,108,1.91,35,17/09/89,FL,Ireland,114,55,5,1,0,0,0,0,0,0,5,3,1,1,6654,3291,88,42,Inactive,2012,2025
IRE,Quinn Roux,125,1.98,34,30/10/90,L,South Africa,16,6,3,1,0,0,0,0,0,0,0,0,0,0,702,215,8,2,Active,2016,2020
IRE,Rhys Ruddock,113,1.91,34,13/11/90,FL,Ireland,27,6,4,0,0,0,0,0,0,0,0,0,0,0,1240,184,13,1,Inactive,2010,2021
IRE,Richardt Strauss,98,1.74,39,29/01/86,H,South Africa,18,3,2,0,0,0,0,0,0,0,0,0,0,0,671,32,8,0,Inactive,2012,2016
IRE,Rob Herring,106,1.85,34,27/04/90,H,South Africa,43,17,6,1,0,0,0,0,0,0,0,0,0,0,1520,696,18,10,Active,2014,2025
IRE,Rob Kearney,95,1.85,38,26/03/86,FB,Ireland,95,48,15,4,0,0,0,0,1,1,1,0,0,0,6948,3640,90,45,Inactive,2007,2019
IRE,Robbie Diack,118,1.96,39,12/11/85,FL,South Africa,3,1,0,0,0,0,0,0,0,0,0,0,0,0,160,0,2,0,Inactive,2014,2014
IRE,Robbie Henshaw,100,1.91,31,12/06/93,C,Ireland,82,44,10,7,0,0,0,0,0,0,1,0,0,0,5465,2988,71,37,Active,2013,2025
IRE,Ronan Kelleher,108,1.85,27,24/01/98,H,Ireland,39,20,8,2,0,0,0,0,0,0,1,0,0,0,1478,594,19,6,Active,2020,2025
IRE,Rory Best,107,1.80,42,15/08/82,H,Northern Ireland,123,64,12,5,0,0,0,0,0,0,2,0,0,0,7349,3971,102,55,Inactive,2005,2019
IRE,Ross Byrne,95,1.93,29,08/04/95,FH,Ireland,23,12,0,0,0,0,8,3,16,8,0,0,0,0,624,233,4,1,Active,2018,2023
IRE,Ryan Baird,113,1.98,25,26/07/99,FL,Ireland,27,17,2,1,0,0,0,0,0,0,0,0,0,0,940,579,7,4,Active,2021,2025
IRE,Sam Prendergast,91,1.94,22,12/02/03,FH,Ireland,8,5,0,0,0,0,11,10,13,7,1,0,0,0,468,314,6,4,Active,2024,2025
IRE,Sean Cronin,103,1.80,38,06/05/86,H,Ireland,72,29,7,3,0,0,0,0,0,0,0,0,0,0,1580,350,11,1,Inactive,2009,2019
IRE,Sean O'Brien,108,1.88,38,14/02/87,FL,Ireland,56,14,4,2,0,0,0,0,0,0,0,0,0,0,1726,802,25,13,Inactive,2009,2019
IRE,Simon Zebo,94,1.88,35,16/03/90,FB,Ireland,36,15,9,1,0,0,0,0,0,0,0,0,0,0,2405,1061,30,14,Inactive,2012,2017
IRE,Stuart McCloskey,112,1.93,32,06/08/92,C,Northern Ireland,19,6,4,0,0,0,0,0,0,0,0,0,0,0,1144,353,15,5,Active,2016,2024
IRE,Tadhg Beirne,114,1.98,33,08/01/92,L,Ireland,61,24,12,5,0,0,0,0,0,0,2,1,0,0,3943,1757,51,24,Active,2018,2025
IRE,Tadhg Furlong,119,1.83,32,14/11/92,P,Ireland,79,36,5,1,0,0,0,0,0,0,0,0,0,0,4217,2021,64,31,Active,2015,2025
IRE,Tom Clarkson,118,1.85,25,22/02/00,P,Ireland,6,4,0,0,0,0,0,0,0,0,0,0,0,0,177,111,1,1,Active,2024,2025
IRE,Tom O'Toole,123,1.85,26,23/09/98,P,Ireland,16,6,0,0,0,0,0,0,0,0,0,0,0,0,449,147,2,0,Active,2021,2024
IRE,Tommy Bowe,106,1.91,41,22/02/84,W,Ireland,71,30,30,14,0,0,0,0,0,0,1,0,0,0,5398,2234,69,28,Inactive,2004,2017
IRE,Tommy O'Donnell,107,1.85,37,21/06/87,FL,Ireland,15,7,4,1,0,0,0,0,0,0,0,0,0,0,837,345,9,3,Inactive,2013,2019
IRE,Ultan Dillane,115,1.98,31,09/11/93,L,France,19,12,1,0,0,0,0,0,0,0,0,0,0,0,553,279,4,1,Active,2016,2021
IRE,Will Connors,105,1.96,28,04/04/96,FL,Ireland,9,6,3,3,0,0,0,0,0,0,0,0,0,0,433,327,5,4,Active,2020,2021
ITA,Alberto De Marchi,123,1.83,39,13/03/86,P,Italy,29,15,0,0,0,0,0,0,0,0,1,0,0,0,1077,564,11,5,Inactive,2012,2015
ITA,Alberto Lucchese,79,1.74,38,28/03/86,SH,Italy,2,2,0,0,0,0,0,0,0,0,0,0,0,0,35,35,0,0,Inactive,2016,2016
ITA,Alessandro Fusco,91,1.85,25,28/10/99,SH,Italy,18,9,3,1,0,0,0,0,0,0,0,0,0,0,477,217,2,1,Active,2021,2024
ITA,Alessandro Garbisi,88,1.74,22,11/04/02,SH,Italy,17,5,5,1,0,0,0,0,0,0,0,0,0,0,578,134,6,1,Active,2022,2025
ITA,Alessandro Izekor,110,1.96,25,05/03/00,FL,Italy,4,2,0,0,0,0,0,0,0,0,0,0,0,0,171,94,2,1,Active,2024,2024
ITA,Alessandro Zanni,107,1.93,41,31/01/84,FL,Italy,119,54,4,1,0,0,0,0,0,0,1,1,0,0,7229,3582,93,45,Inactive,2005,2020
ITA,Andrea Lovotti,111,1.89,35,28/07/89,P,Italy,47,26,0,0,0,0,0,0,0,0,1,1,1,0,2577,1450,41,23,Inactive,2016,2021
ITA,Andrea Manici,102,1.82,34,28/04/90,H,Italy,16,5,0,0,0,0,0,0,0,0,0,0,0,0,354,100,2,0,Inactive,2013,2018
ITA,Andrea Masi,92,1.85,43,30/03/81,FB,Italy,95,45,11,4,0,0,0,0,0,0,2,2,0,0,6263,3110,82,39,Inactive,1999,2015
ITA,Andrea Pratichetti,85,1.82,36,26/11/88,W,Italy,4,3,0,0,0,0,0,0,0,0,0,0,0,0,168,88,2,1,Inactive,2012,2016
ITA,Andrea Zambonin,112,2.02,24,03/09/00,L,Italy,9,5,1,0,0,0,0,0,0,0,0,0,0,0,307,64,3,0,Active,2022,2024
ITA,Andries Van Schalkwyk,108,1.94,40,21/12/84,N8,South Africa,15,6,1,0,0,0,0,0,0,0,0,0,0,0,873,269,10,3,Inactive,2016,2017
ITA,Ange Capuozzo,82,1.78,25,30/04/99,FB,France,28,13,14,6,0,0,0,0,0,0,0,0,0,0,2025,988,27,12,Active,2022,2025
ITA,Angelo Esposito,96,1.87,31,14/06/93,W,Italy,21,12,3,2,0,0,0,0,0,0,0,0,0,0,1596,949,21,12,Inactive,2014,2019
ITA,Braam Steyn,111,1.93,32,02/05/92,FL,South Africa,50,24,3,1,0,0,0,0,0,0,3,1,0,0,3018,1450,37,16,Inactive,2016,2022
ITA,Callum Braley,84,1.78,30,20/03/94,SH,England,15,8,1,1,0,0,0,0,0,0,0,0,0,0,700,400,9,6,Inactive,2019,2022
ITA,Carlo Canna,93,1.91,32,25/08/92,FH,Italy,57,22,5,1,3,1,26,7,19,6,2,0,0,0,2387,1177,28,14,Inactive,2015,2021
ITA,Cherif Traore,116,1.84,30,10/04/94,P,Guinea,16,8,1,0,0,0,0,0,0,0,0,0,0,0,358,179,0,0,Active,2018,2022
ITA,Daniele Rimpelli,120,1.88,27,23/06/97,P,Italy,1,1,0,0,0,0,0,0,0,0,0,0,0,0,31,31,1,1,Inactive,2021,2021
ITA,Danilo Fischetti,112,1.81,27,26/01/98,P,Italy,52,29,0,0,0,0,0,0,0,0,3,0,0,0,2715,1537,43,24,Active,2020,2025
ITA,Dario Chistolini,112,1.80,36,14/09/88,P,South Africa,20,10,0,0,0,0,0,0,0,0,0,0,0,0,651,375,4,3,Inactive,2014,2017
ITA,David Odiete,89,1.81,32,08/02/93,FB,Italy,7,4,1,1,0,0,0,0,0,0,0,0,0,0,520,295,7,4,Active,2016,2016
ITA,David Sisi,125,1.95,32,05/02/93,L,Germany,30,14,0,0,0,0,0,0,0,0,0,0,0,0,1279,656,16,7,Inactive,2019,2023
ITA,Davide Giazzon,108,1.83,39,16/01/86,H,Italy,35,14,0,0,0,0,0,0,0,0,0,0,0,0,964,367,6,2,Inactive,2012,2016
ITA,Dean Budd,108,1.96,38,31/07/86,L,New Zealand,29,12,2,0,0,0,0,0,0,0,1,0,0,0,1867,689,25,10,Inactive,2017,2020
ITA,Dino Lamb,121,1.99,26,18/04/98,L,England,12,3,2,0,0,0,0,0,0,0,1,1,0,0,579,89,8,2,Active,2023,2025
ITA,Edoardo Gori,90,1.78,35,05/03/90,SH,Italy,69,32,7,2,0,0,0,0,0,0,1,1,0,0,3596,1714,49,24,Inactive,2010,2019
ITA,Edoardo Iachizzi,112,1.96,26,26/05/98,L,Italy,8,5,0,0,0,0,0,0,0,0,0,0,0,0,205,91,2,1,Active,2023,2024
ITA,Edoardo Padovani,99,1.91,31,15/05/93,FB,Italy,44,26,9,5,0,0,6,4,1,0,0,0,0,0,2873,1681,35,21,Active,2016,2023
ITA,Enrico Bacchin,97,1.82,32,28/11/92,C,Italy,5,3,0,0,0,0,0,0,0,0,0,0,0,0,246,130,1,1,Inactive,2015,2016
ITA,Federico Mori,108,1.88,24,13/10/00,C,Italy,17,11,0,0,0,0,0,0,0,0,1,1,0,0,584,359,4,3,Active,2020,2022
ITA,Federico Ruzza,110,1.98,30,04/08/94,L,Italy,64,33,0,0,0,0,0,0,0,0,0,0,0,0,3546,1917,44,24,Active,2017,2025
ITA,Federico Zani,120,1.79,35,09/04/89,P,Italy,25,8,2,1,0,0,0,0,0,0,1,1,0,0,592,141,1,0,Inactive,2017,2023
ITA,Filippo Alongi,118,1.85,24,27/04/00,P,Italy,2,1,0,0,0,0,0,0,0,0,0,0,0,0,49,28,0,0,Active,2022,2023
ITA,Francesco Minto,102,1.93,37,20/05/87,FL,Italy,39,19,0,0,0,0,0,0,0,0,1,0,0,0,2410,1137,30,14,Inactive,2012,2017
ITA,George Biagi,115,1.99,39,04/10/85,L,Scotland,23,16,0,0,0,0,0,0,0,0,1,1,0,0,1045,757,12,10,Inactive,2014,2018
ITA,Giacomo Nicotera,108,1.83,28,15/07/96,H,Italy,33,17,3,0,0,0,0,0,0,0,0,0,1,1,1528,807,24,13,Active,2022,2025
ITA,Giambattista Venditti,110,1.87,34,27/03/90,W,Italy,44,19,8,6,0,0,0,0,0,0,1,0,0,0,3329,1433,41,18,Inactive,2012,2017
ITA,Gianmarco Lucchesi,110,1.84,24,10/09/00,H,Italy,33,19,1,0,0,0,0,0,0,0,1,0,0,0,1238,621,15,7,Active,2020,2025
ITA,Giorgio Bronzini,87,1.78,34,20/04/90,SH,Italy,7,4,0,0,0,0,0,0,0,0,0,0,0,0,311,111,3,0,Inactive,2016,2017
ITA,Giosue Zilocchi,115,1.89,28,15/01/97,P,Italy,24,18,0,0,0,0,0,0,0,0,1,1,0,0,999,751,10,7,Active,2018,2025
ITA,Giovanni Licata,111,1.93,28,18/02/97,N8,Italy,13,5,0,0,0,0,0,0,0,0,1,0,0,0,489,167,4,0,Active,2017,2021
ITA,Giovanni Pettinelli,106,1.93,29,13/03/96,FL,Italy,15,9,0,0,0,0,0,0,0,0,0,0,0,0,483,317,4,3,Active,2021,2023
ITA,Giulio Bisegni,88,1.80,32,04/04/92,C,Italy,17,8,0,0,0,0,0,0,0,0,0,0,0,0,878,301,11,4,Inactive,2015,2020
ITA,Gonzalo Garcia,96,1.85,41,18/02/84,C,Argentina,44,23,3,1,0,0,2,1,0,0,3,2,0,0,2815,1356,39,19,Inactive,2008,2016
ITA,Guglielmo Palazzani,85,1.73,33,11/04/91,SH,Italy,44,19,3,2,0,0,0,0,0,0,1,1,0,0,993,442,8,4,Inactive,2014,2021
ITA,Hame Faiva,106,1.82,30,09/05/94,H,New Zealand,10,3,2,0,0,0,0,0,0,0,0,0,1,1,352,69,3,0,Active,2021,2023
ITA,Ian McKinley,88,1.84,35,04/12/89,FH,Ireland,10,5,0,0,0,0,1,0,0,0,0,0,0,0,201,80,0,0,Inactive,2017,2019
ITA,Ignacio Brex,99,1.89,32,26/05/92,C,Argentina,46,25,7,4,0,0,0,0,0,0,0,0,0,0,3613,1963,46,25,Active,2021,2025
ITA,Ivan Nemer,117,1.80,26,22/04/98,P,Argentina,16,3,0,0,0,0,0,0,0,0,0,0,0,0,555,59,5,0,Active,2021,2023
ITA,Jacopo Sarto,108,1.92,34,15/07/90,FL,Italy,1,1,0,0,0,0,0,0,0,0,0,0,0,0,34,34,0,0,Inactive,2016,2016
ITA,Jacopo Trulla,88,1.83,24,05/07/00,FB,Italy,14,6,1,0,0,0,0,0,0,0,2,0,0,0,942,327,12,4,Active,2020,2025
ITA,Jake Polledri,108,1.90,29,08/11/95,FL,England,20,9,4,1,0,0,0,0,0,0,1,1,0,0,1337,571,16,7,Inactive,2018,2023
ITA,Jayden Hayward,92,1.85,38,11/02/87,FB,New Zealand,27,14,1,0,0,0,0,0,0,0,0,0,0,0,1749,815,20,8,Inactive,2017,2020
ITA,Jim Tuivaiti,113,1.88,37,02/01/88,N8,New Zealand,6,3,0,0,0,0,0,0,0,0,0,0,0,0,212,98,3,1,Inactive,2018,2020
ITA,Johan Meyer,107,1.93,32,26/02/93,FL,South Africa,14,7,2,1,0,0,0,0,0,0,0,0,0,0,698,374,8,5,Inactive,2018,2021
ITA,Joshua Furno,115,2.00,35,21/10/89,L,Australia,37,15,2,2,0,0,0,0,0,0,0,0,0,0,2189,850,27,11,Inactive,2012,2017
ITA,Kelly Haimona,114,1.86,38,30/07/86,FH,New Zealand,11,8,0,0,1,0,16,6,7,6,0,0,0,0,580,350,8,5,Inactive,2014,2016
ITA,Leonardo Ghiraldini,99,1.84,40,26/12/84,H,Italy,108,54,6,1,0,0,0,0,0,0,1,1,0,0,6003,3270,85,48,Inactive,2006,2020
ITA,Leonardo Marin,88,1.88,23,23/02/02,FH,Italy,15,9,1,0,0,0,0,0,1,0,1,0,0,0,367,275,4,3,Active,2022,2025
ITA,Leonardo Sarto,93,1.92,33,15/01/92,W,Italy,35,15,8,4,0,0,0,0,0,0,0,0,0,0,2627,1170,35,15,Active,2013,2020
ITA,Lorenzo Cannone,106,1.90,24,28/01/01,N8,Italy,28,13,4,0,0,0,0,0,0,0,3,2,0,0,1657,672,23,11,Active,2022,2025
ITA,Lorenzo Cittadini,122,1.88,42,17/12/82,P,Italy,58,25,3,0,0,0,0,0,0,0,0,0,0,0,2348,1030,30,12,Inactive,2008,2017
ITA,Lorenzo Pani,96,1.93,22,04/07/02,FB,Italy,8,3,3,1,0,0,0,0,0,0,0,0,0,0,487,205,5,3,Active,2023,2024
ITA,Louis Lynagh,96,1.80,24,03/12/00,W,Italy,5,2,2,1,0,0,0,0,0,0,0,0,0,0,355,150,5,2,Active,2024,2024
ITA,Luca Bigi,108,1.82,33,19/04/91,H,Italy,49,24,1,1,0,0,0,0,0,0,3,3,0,0,2090,981,28,12,Active,2017,2023
ITA,Luca Morisi,102,1.83,34,22/02/91,C,Italy,52,21,5,4,0,0,0,0,0,0,0,0,0,0,3142,1340,45,18,Active,2012,2023
ITA,Luca Rizzoli,109,1.78,22,03/05/02,P,Italy,2,2,0,0,0,0,0,0,0,0,0,0,0,0,27,27,0,0,Active,2025,2025
ITA,Luca Sperandio,95,1.89,29,28/01/96,FB,Italy,11,6,1,1,0,0,0,0,0,0,0,0,0,0,584,238,8,3,Inactive,2017,2021
ITA,Luciano Orquera,79,1.71,43,12/10/81,FH,Argentina,50,22,3,1,1,1,49,12,22,8,0,0,0,0,2485,1147,30,13,Inactive,2004,2015
ITA,Luke McLean,95,1.93,37,29/06/87,FB,Australia,89,42,7,3,0,0,13,6,0,0,0,0,0,0,6351,3095,75,37,Inactive,2008,2019
ITA,Manuel Zuliani,111,1.88,24,26/04/00,FL,Italy,32,15,2,0,0,0,0,0,0,0,0,0,0,0,1150,505,8,2,Active,2022,2025
ITA,Marcello Violi,80,1.76,31,11/10/93,SH,Italy,21,10,0,0,1,0,0,0,0,0,0,0,0,0,1012,504,15,7,Inactive,2015,2021
ITA,Marco Barbini,108,1.92,34,16/10/90,N8,Italy,3,3,0,0,0,0,0,0,0,0,0,0,0,0,57,57,0,0,Inactive,2015,2019
ITA,Marco Bortolami,112,1.96,44,12/06/80,L,Italy,111,51,5,1,0,0,0,0,0,0,9,5,1,0,6833,3515,89,44,Inactive,2001,2015
ITA,Marco Fuser,122,1.98,34,09/03/91,L,Italy,47,13,1,1,0,0,0,0,0,0,1,0,0,0,2302,633,32,10,Inactive,2012,2022
ITA,Marco Lazzaroni,115,1.94,29,18/05/95,L,Italy,15,8,0,0,0,0,0,0,0,0,0,0,0,0,747,423,8,5,Active,2017,2021
ITA,Marco Manfredi,110,1.83,27,18/09/97,H,Germany,3,1,0,0,0,0,0,0,0,0,0,0,0,0,52,8,0,0,Active,2023,2023
ITA,Marco Riccioni,124,1.86,27,19/10/97,P,Italy,33,15,1,1,0,0,0,0,0,0,3,3,0,0,1278,555,18,7,Active,2019,2025
ITA,Marco Zanon,97,1.88,27,03/10/97,C,Italy,19,9,2,0,0,0,0,0,0,0,0,0,0,0,837,383,10,4,Active,2019,2024
ITA,Martin Castrogiovanni,110,1.88,43,21/10/81,P,Argentina,119,60,7,4,0,0,0,0,0,0,4,3,0,0,6062,3232,86,44,Inactive,2002,2016
ITA,Martin Page-Relo,77,1.73,26,06/01/99,SH,France,18,9,2,0,0,0,6,3,0,0,0,0,0,0,813,414,11,6,Active,2023,2025
ITA,Matias Aguero,108,1.85,44,13/02/81,P,Argentina,42,11,1,0,0,0,0,0,0,0,0,0,0,0,1588,339,19,4,Inactive,2005,2015
ITA,Matt Gallagher,96,1.85,28,26/10/96,FB,England,3,1,0,0,0,0,0,0,0,0,0,0,0,0,236,76,3,1,Active,1905,2025
ITA,Matteo Canali,123,1.98,26,11/09/98,L,Italy,1,1,0,0,0,0,0,0,0,0,0,0,0,0,0,0,0,0,Active,2024,2024
ITA,Matteo Minozzi,81,1.77,28,04/06/96,FB,Italy,24,9,11,5,0,0,0,0,0,0,0,0,0,0,1570,685,20,9,Inactive,2017,2022
ITA,Matteo Zanusso,119,1.80,31,09/04/93,P,Italy,5,5,0,0,0,0,0,0,0,0,0,0,0,0,81,81,0,0,Inactive,2016,2016
ITA,Mattia Bellini,101,1.93,31,08/02/94,W,Italy,33,18,12,3,0,0,0,0,0,0,1,0,0,0,2457,1345,31,17,Active,2014,2015
ITA,Mauro Bergamasco,98,1.85,45,01/05/79,FL,Italy,106,43,12,5,0,0,0,0,0,0,4,2,0,0,6624,3146,88,42,Inactive,1998,2015
ITA,Maxime Mbanda,110,1.89,31,10/04/93,FL,Italy,29,16,2,0,0,0,0,0,0,0,0,0,0,0,1295,566,16,6,Inactive,2016,2021
ITA,Michele Campagnaro,99,1.84,32,13/03/93,C,Italy,47,18,9,3,0,0,0,0,0,0,0,0,0,0,3323,1242,42,16,Inactive,2013,2019
ITA,Michele Lamaro,103,1.88,26,03/06/98,FL,Italy,48,25,2,0,0,0,0,0,0,0,3,2,0,0,3189,1760,43,24,Active,2020,2025
ITA,Michele Rizzo,115,1.88,42,16/09/82,P,Italy,25,8,1,0,0,0,0,0,0,0,1,0,1,1,1041,301,12,3,Inactive,2005,2017
ITA,Michele Visentin,89,1.85,33,13/12/91,W,Italy,1,1,0,0,0,0,0,0,0,0,0,0,0,0,80,80,1,1,Inactive,2015,2015
ITA,Mirco Spagnolo,110,1.86,24,02/01/01,P,Italy,14,8,0,0,0,0,0,0,0,0,0,0,0,0,393,217,1,0,Active,2024,2025
ITA,Monty Ioane,95,1.80,30,30/10/94,W,Australia,39,19,16,5,0,0,0,0,0,0,1,1,0,0,3052,1465,39,19,Active,2020,2025
ITA,Niccolo Cannone,121,1.97,26,17/05/98,L,Italy,52,30,1,0,0,0,0,0,0,0,1,0,0,0,3167,1844,39,23,Active,2020,2025
ITA,Nicola Quaglio,120,1.85,34,09/03/91,P,Italy,14,6,0,0,0,0,0,0,0,0,0,0,0,0,480,191,6,2,Inactive,2016,2019
ITA,Oliviero Fabiani,98,1.80,34,13/07/90,H,Italy,11,5,0,0,0,0,0,0,0,0,0,0,0,0,271,83,2,0,Inactive,2016,2019
ITA,Ornel Gega,100,1.82,34,24/03/90,H,Albania,15,6,3,0,0,0,0,0,0,0,0,0,0,0,792,292,10,5,Inactive,2016,2017
ITA,Paolo Garbisi,97,1.84,24,26/04/00,FH,Italy,47,25,4,2,0,0,45,23,43,21,0,0,0,0,3521,1906,45,25,Active,2020,2025
ITA,Pierre Bruno,92,1.78,28,28/06/96,W,Italy,15,7,5,1,0,0,0,0,0,0,1,1,0,0,992,455,13,6,Active,2021,2023
ITA,Pietro Ceccarelli,128,1.84,33,16/02/92,P,Italy,34,13,0,0,0,0,0,0,0,0,0,0,0,0,1048,453,9,6,Active,2016,2024
ITA,Quintin Geldenhuys,116,2.03,43,19/06/81,L,South Africa,67,29,0,0,0,0,0,0,0,0,2,2,0,0,4547,1966,57,24,Inactive,2009,2016
ITA,Renato Giammarioli,111,1.88,29,23/03/95,N8,Italy,8,1,0,0,0,0,0,0,0,0,0,0,0,0,297,49,4,1,Active,2017,2022
ITA,Riccardo Favretto,108,2.00,23,18/10/01,N8,Italy,6,5,0,0,0,0,0,0,0,0,0,0,0,0,98,78,1,1,Active,2021,2025
ITA,Robert Barbieri,104,1.85,40,05/06/84,N8,Canada,41,14,4,0,0,0,0,0,0,0,1,0,0,0,2851,728,36,10,Inactive,2006,2017
ITA,Ross Vintcent,100,1.87,22,05/06/02,N8,South Africa,14,9,2,1,0,0,0,0,0,0,1,0,1,1,664,342,7,3,Active,2024,2025
ITA,Sami Panico,123,1.86,31,04/06/93,P,Italy,10,4,0,0,0,0,0,0,0,0,0,0,0,0,243,60,2,0,Inactive,2016,2017
ITA,Samu Vunisa,115,1.89,36,19/08/88,N8,Fiji,11,4,0,0,0,0,0,0,0,0,0,0,0,0,604,199,7,2,Active,2014,2015
ITA,Seb Negri,111,1.94,30,30/06/94,FL,Zimbabwe,63,34,2,1,0,0,0,0,0,0,1,1,0,0,3725,2093,55,32,Active,2016,2025
ITA,Sergio Parisse,122,1.96,41,12/09/83,N8,Argentina,142,69,15,7,1,1,0,0,0,0,3,1,0,0,10390,5464,135,69,Inactive,2002,2019
ITA,Simone Favaro,103,1.82,36,07/11/88,FL,Italy,36,13,2,0,0,0,0,0,0,0,1,0,0,0,1845,602,24,9,Inactive,2009,2017
ITA,Simone Ferrari,120,1.86,30,28/03/94,P,Italy,64,24,2,0,0,0,0,0,0,0,2,1,0,0,2892,1128,42,18,Active,2016,2025
ITA,Simone Gesi,80,1.83,23,23/05/01,W,Italy,3,3,0,0,0,0,0,0,0,0,0,0,0,0,162,162,2,2,Active,2023,2025
ITA,Stephen Varney,80,1.75,23,16/05/01,SH,Wales,32,18,5,3,0,0,0,0,0,0,0,0,0,0,1734,991,26,14,Active,2020,2025
ITA,Tito Tebaldi,87,1.85,37,20/09/87,SH,Italy,36,10,2,1,1,0,9,0,4,0,1,0,0,0,2186,599,30,9,Active,2009,2019
ITA,Tiziano Pasquali,118,1.85,30,14/07/94,P,Italy,25,14,1,0,0,0,0,0,0,0,0,0,0,0,813,412,7,2,Active,2017,2022
ITA,Toa Halafihi,110,1.85,31,27/11/93,N8,New Zealand,12,5,1,0,0,0,0,0,0,0,0,0,0,0,666,316,9,5,Active,2022,2023
ITA,Tommaso Allan,93,1.84,31,26/04/93,FH,Italy,87,38,16,8,1,1,96,35,105,31,1,0,0,0,5133,2221,65,28,Active,2013,2025
ITA,Tommaso Benvenuti,98,1.86,34,12/12/90,C,Italy,64,24,7,2,0,0,0,1,0,0,2,1,0,0,4054,1362,50,17,Inactive,2010,2019
ITA,Tommaso Boni,105,1.87,32,15/01/93,C,Italy,12,3,1,0,0,0,0,0,0,0,0,0,0,0,761,194,10,3,Switched,2016,2018
ITA,Tommaso D'Apice,106,1.80,36,30/06/88,H,Italy,13,7,1,0,0,0,0,0,0,0,0,0,0,0,266,109,1,0,Inactive,2011,2017
ITA,Tommaso Menoncello,101,1.87,22,20/08/02,C,Italy,28,15,8,3,0,0,0,0,0,0,1,1,0,0,2000,1142,25,15,Active,2022,2025
ITA,Tommy Castello,100,1.83,33,14/08/91,C,Italy,18,8,0,0,0,0,0,0,0,0,0,0,0,0,1148,378,16,6,Inactive,2016,2019
ITA,Valerio Bernabo,110,1.98,41,03/03/84,L,Italy,38,12,0,0,0,0,0,0,0,0,1,0,0,0,1550,378,16,2,Inactive,2004,2016
SCOT,Adam Ashe,110,1.93,31,24/07/93,N8,Scotland,6,2,0,0,0,0,0,0,0,0,0,0,0,0,378,81,5,1,Inactive,2014,2020
SCOT,Adam Hastings,93,1.89,28,05/10/96,FH,Scotland,32,11,5,1,0,0,13,10,44,5,1,0,0,0,1487,490,16,4,Active,2018,2024
SCOT,Alasdair Dickinson,111,1.85,41,11/09/83,P,Scotland,58,14,1,0,0,0,0,0,0,0,0,0,0,0,1645,786,21,9,Inactive,2007,2016
SCOT,Alasdair Strokosch,110,1.91,42,21/02/83,FL,Scotland,47,17,2,0,0,0,0,0,0,0,0,0,0,0,2827,939,35,11,Inactive,2006,2015
SCOT,Alec Hepburn,114,1.86,31,30/03/93,P,Australia,4,4,0,0,0,0,0,0,0,0,0,0,0,0,69,69,0,0,Active,2024,2024
SCOT,Alex Allan,118,1.88,33,28/02/92,P,Scotland,8,1,0,0,0,0,0,0,0,0,0,0,0,0,178,21,1,0,Inactive,2014,2019
SCOT,Alex Craig,119,1.98,27,26/04/97,L,Scotland,6,2,0,0,0,0,0,0,0,0,0,0,0,0,198,29,3,0,Active,2021,2024
SCOT,Alex Dunbar,103,1.91,34,23/04/90,C,Scotland,31,15,7,4,0,0,0,0,0,0,3,2,0,0,2298,1157,30,15,Inactive,2013,2018
SCOT,Ali Price,88,1.77,31,12/05/93,SH,England,71,34,6,1,0,0,0,0,0,0,0,0,0,0,3479,1627,47,20,Active,2016,2024
SCOT,Allan Dell,112,1.85,32,16/03/92,P,South Africa,34,16,1,0,0,0,0,0,0,0,0,0,0,0,1447,617,20,7,Inactive,2016,2022
SCOT,Andy Onyeama-Christie,103,1.89,25,22/03/99,FL,England,8,5,0,0,0,0,0,0,0,0,0,0,0,0,275,235,2,2,Active,2022,2024
SCOT,Ben Healy,100,1.91,25,29/06/99,FH,Ireland,10,4,1,0,0,0,8,0,17,0,0,0,0,0,334,16,4,0,Active,2022,2024
SCOT,Ben Muncaster,110,1.90,23,14/10/01,N8,Scotland,2,1,0,0,0,0,0,0,0,0,0,0,0,0,79,14,1,0,Active,2024,2025
SCOT,Ben Toolis,119,2.02,32,31/03/92,L,Australia,30,12,1,0,0,0,0,0,0,0,1,1,0,0,1430,414,16,4,Inactive,2015,2020
SCOT,Ben Vellacott,78,1.67,29,28/03/95,SH,England,1,1,0,0,0,0,0,0,0,0,0,0,0,0,5,5,0,0,Active,2022,2022
SCOT,Ben White,88,1.80,26,27/05/98,SH,England,29,18,7,6,0,0,0,0,0,0,1,1,0,0,1446,981,21,14,Active,2022,2025
SCOT,Blade Thomson,110,1.98,34,04/12/90,N8,New Zealand,10,2,0,0,0,0,0,0,0,0,0,0,0,0,552,66,8,2,Inactive,2019,2021
SCOT,Blair Cowan,104,1.88,38,21/04/86,FL,Scotland,18,7,2,0,0,0,0,0,0,0,0,0,0,0,1071,435,13,5,Inactive,2014,2020
SCOT,Blair Kinghorn,107,1.93,28,18/01/97,FB,Scotland,63,30,16,10,0,0,8,2,21,4,0,0,0,0,3548,1677,41,19,Active,2018,2025
SCOT,Byron McGuigan,95,1.83,35,20/08/89,W,Scotland,10,4,3,0,0,0,0,0,0,0,0,0,0,0,543,207,6,2,Inactive,2017,2020
SCOT,Cameron Redpath,96,1.88,25,23/12/99,C,Scotland,14,8,1,0,0,0,0,0,0,0,0,0,0,0,485,244,4,2,Active,2021,2024
SCOT,Chris Harris,104,1.88,34,28/12/90,C,England,47,22,6,4,0,0,0,0,0,0,0,0,0,0,2476,1035,30,13,Active,2017,2023
SCOT,Cornell Du Preez,115,1.92,33,23/03/91,N8,South Africa,9,5,0,0,0,0,0,0,0,0,0,0,0,0,289,132,2,1,Active,2017,2020
SCOT,D'Arcy Rae,125,1.86,30,21/12/94,P,Scotland,2,1,0,0,0,0,0,0,0,0,0,0,0,0,33,12,0,0,Active,2019,2024
SCOT,Darcy Graham,85,1.77,27,21/06/97,W,Scotland,46,17,31,9,0,0,0,0,0,0,1,0,0,0,3004,1090,41,15,Active,2018,2025
SCOT,Dave Cherry,107,1.83,34,03/01/91,H,Scotland,16,10,4,3,0,0,0,0,0,0,0,0,0,0,624,380,9,6,Active,2021,2025
SCOT,David Denton,114,1.98,35,05/02/90,N8,Zimbabwe,42,21,0,0,0,0,0,0,0,0,1,0,0,0,2480,1173,28,13,Inactive,2011,2019
SCOT,Dougie Fife,96,1.87,34,08/08/90,W,Scotland,8,4,3,1,0,0,0,0,0,0,0,0,0,0,421,290,4,3,Inactive,2014,2018
SCOT,Duhan Van Der Merwe,106,1.93,29,04/06/95,W,South Africa,49,24,32,16,0,0,0,0,0,0,2,2,0,0,3825,1845,48,23,Active,2020,2025
SCOT,Duncan Taylor,105,1.89,35,05/09/89,C,Scotland,28,9,3,2,0,0,0,0,1,0,1,0,0,0,1243,429,17,5,Inactive,2013,2020
SCOT,Duncan Weir,91,1.76,33,10/05/91,FH,Scotland,30,16,2,0,1,1,15,1,11,3,0,0,0,0,1380,717,15,8,Active,2012,2020
SCOT,Elliot Millar-Mills,121,1.78,32,08/07/92,P,England,8,4,0,0,0,0,0,0,0,0,0,0,0,0,178,52,1,0,Active,2024,2024
SCOT,Euan Murray,115,1.86,44,07/08/80,P,Scotland,66,32,3,1,0,0,0,0,0,0,0,0,0,0,4270,2032,58,28,Inactive,2005,2015
SCOT,Ewan Ashman,113,1.88,24,03/04/00,H,Canada,27,11,8,0,0,0,0,0,0,0,2,1,0,0,967,281,8,0,Active,2021,2025
SCOT,Ewan Johnson,120,2.03,25,27/06/99,L,England,5,1,0,0,0,0,0,0,0,0,0,0,0,0,155,8,1,0,Active,2024,2025
SCOT,Finn Russell,93,1.82,32,23/09/92,FH,Scotland,87,46,9,5,0,0,63,41,101,54,4,4,1,1,6287,3236,85,45,Active,2014,2025
SCOT,Fraser Brown,113,1.82,35,20/06/89,H,Scotland,61,26,5,1,0,0,0,0,0,0,1,1,0,0,2074,791,24,9,Inactive,2013,2023
SCOT,Gary Graham,115,1.87,32,29/08/92,FL,Scotland,4,4,0,0,0,0,0,0,0,0,0,0,0,0,91,91,0,0,Active,2019,2021
SCOT,Geoff Cross,116,1.85,42,11/12/82,P,Scotland,40,24,2,0,0,0,0,0,0,0,1,1,0,0,1671,824,20,10,Inactive,2009,2014
SCOT,George Horne,81,1.74,29,12/05/95,SH,Scotland,40,13,8,0,0,0,0,0,2,0,0,0,0,0,1044,251,7,1,Active,2018,2025
SCOT,George Turner,106,1.80,32,08/10/92,H,Scotland,45,20,10,1,0,0,0,0,0,0,2,2,0,0,2053,1069,31,17,Active,2017,2024
SCOT,Gordon Reid,119,1.88,38,04/03/87,P,Scotland,41,16,1,1,0,0,0,0,0,0,0,0,0,0,1552,563,17,8,Inactive,2014,2019
SCOT,Grant Gilchrist,120,1.98,34,09/08/90,L,Scotland,81,33,1,0,0,0,0,0,0,0,0,0,1,1,5088,2172,69,30,Active,2013,2025
SCOT,Gregor Brown,109,1.96,23,01/07/01,L,Scotland,9,5,0,0,0,0,0,0,0,0,0,0,0,0,359,138,4,1,Active,2024,2025
SCOT,Greig Laidlaw,78,1.76,39,12/10/85,SH,Scotland,80,37,6,1,0,0,162,70,110,37,1,0,0,0,5185,2397,70,33,Inactive,2011,2019
SCOT,Greig Tonks,92,1.77,35,20/05/89,FB,South Africa,8,3,0,0,0,0,1,0,0,0,0,0,0,0,413,53,4,0,Inactive,2013,2017
SCOT,Hamish Watson,106,1.85,33,15/10/91,FL,England,59,30,8,1,0,0,0,0,0,0,1,1,0,0,3871,2059,52,26,Active,2015,2023
SCOT,Harry Paterson,93,1.91,23,28/06/01,FB,Scotland,3,1,1,0,0,0,0,0,0,0,0,0,0,0,232,80,3,1,Active,2024,2024
SCOT,Henry Pyrgos,83,1.78,35,09/07/89,SH,England,29,7,4,0,0,0,3,0,0,0,0,0,0,0,826,134,6,0,Inactive,2012,2019
SCOT,Huw Jones,102,1.86,31,17/12/93,C,Scotland,58,34,23,16,0,0,0,0,0,0,0,0,0,0,3846,2261,49,30,Active,2016,2025
SCOT,Jack Dempsey,112,1.91,30,12/04/94,N8,Australia,26,14,1,0,0,0,0,0,0,0,1,0,0,0,1545,804,18,9,Active,2022,2025
SCOT,Jaco Van Der Walt,92,1.82,31,01/02/94,FH,South Africa,4,3,0,0,0,0,3,0,1,0,0,0,0,0,105,25,1,0,Active,2020,2021
SCOT,Jake Kerr,108,1.85,28,13/04/96,H,Scotland,1,1,0,0,0,0,0,0,0,0,0,0,0,0,14,14,0,0,Inactive,2019,2019
SCOT,James Lang,95,1.83,29,04/04/95,C,England,6,2,0,0,0,0,0,0,0,0,0,0,0,0,281,151,4,2,Active,2018,2021
SCOT,Jamie Bhatti,125,1.85,31,08/09/93,P,Scotland,36,14,1,0,0,0,0,0,0,0,1,0,0,0,980,306,6,0,Active,2017,2025
SCOT,Jamie Dobie,81,1.75,23,07/06/01,SH,Scotland,12,3,4,0,0,0,0,0,0,0,0,0,0,0,403,89,2,0,Active,2021,2025
SCOT,Jamie Hodgson,116,1.97,26,19/03/98,L,Scotland,5,2,0,0,0,0,0,0,0,0,0,0,0,0,132,25,1,0,Active,2021,2022
SCOT,Jamie Ritchie,110,1.90,28,16/08/96,FL,Scotland,60,27,1,0,0,0,0,0,0,0,2,1,0,0,3894,1884,53,25,Active,2018,2025
SCOT,Javan Sebastian,125,1.77,30,02/09/94,P,Wales,11,1,0,0,0,0,0,0,0,0,0,0,0,0,294,10,2,0,Active,2021,2024
SCOT,Jim Hamilton,123,2.03,42,17/11/82,L,England,63,34,1,0,0,0,0,0,0,0,3,1,0,0,3407,1873,49,28,Inactive,2006,2015
SCOT,John Barclay,102,1.90,38,25/09/86,N8,Hong Kong,76,36,7,3,0,0,0,0,0,0,3,3,0,0,5219,2529,68,33,Inactive,2007,2019
SCOT,John Beattie,103,1.94,39,21/11/85,N8,Scotland,38,20,3,1,0,0,0,0,0,0,1,1,0,0,2286,1204,33,17,Inactive,2006,2015
SCOT,John Hardie,102,1.83,36,27/07/88,FL,New Zealand,16,7,3,1,0,0,0,0,0,0,0,0,0,0,1019,402,13,6,Inactive,2015,2020
SCOT,Jon Welsh,123,1.85,38,13/10/86,P,Scotland,12,3,1,1,0,0,0,0,0,0,0,0,0,0,272,95,3,1,Inactive,2012,2018
SCOT,Jonny Gray,122,1.98,31,14/03/94,L,Scotland,83,43,4,0,0,0,0,0,0,0,0,0,0,0,5485,2874,71,37,Active,2013,2025
SCOT,Josh Bayliss,106,1.92,27,18/09/97,N8,England,10,1,5,0,0,0,0,0,0,0,0,0,0,0,393,18,4,0,Active,2021,2024
SCOT,Josh Strauss,115,1.93,38,23/10/86,N8,South Africa,24,10,0,0,0,0,0,0,0,0,1,0,0,0,1182,439,13,6,Inactive,2015,2019
SCOT,Kyle Rowe,88,1.83,27,08/02/98,W,England,14,7,3,0,0,0,0,0,0,0,0,0,0,0,556,276,7,3,Active,2022,2025
SCOT,Kyle Steyn,102,1.88,31,29/01/94,W,South Africa,23,12,13,3,0,0,0,0,0,0,0,0,0,0,1564,882,19,11,Active,2020,2024
SCOT,Lee Jones,93,1.80,36,28/06/88,W,Scotland,8,4,1,1,0,0,0,0,0,0,0,0,0,0,560,301,8,4,Inactive,2012,2018
SCOT,Luke Crosbie,112,1.96,27,22/04/97,FL,Scotland,12,3,1,0,0,0,0,0,0,0,0,0,0,0,628,159,9,3,Active,2022,2024
SCOT,Magnus Bradbury,116,1.91,29,23/08/95,N8,Scotland,19,10,3,1,0,0,0,0,0,0,0,0,0,0,1100,566,12,6,Active,2016,2022
SCOT,Mark Bennett,91,1.83,32,03/02/93,C,Scotland,30,13,8,2,0,0,0,0,0,0,0,0,0,0,1731,688,21,8,Active,2014,2022
SCOT,Marshall Sykes,121,2.00,25,29/12/99,L,England,2,1,0,0,0,0,0,0,0,0,0,0,0,0,40,23,0,0,Active,2021,2025
SCOT,Matt Fagerson,110,1.86,26,16/07/98,N8,Scotland,55,23,4,1,0,0,0,0,0,0,0,0,0,0,3314,1348,41,17,Active,2018,2025
SCOT,Matt Scott,101,1.87,34,30/09/90,C,Scotland,40,17,4,2,0,0,0,0,0,0,0,0,0,0,2642,1020,31,12,Active,2012,2021
SCOT,Moray Low,123,1.88,40,28/11/84,P,Scotland,39,16,0,0,0,0,0,0,0,0,1,0,0,0,1477,487,17,6,Inactive,2009,2019
SCOT,Murray McCallum,126,1.85,28,16/03/96,P,Scotland,3,1,0,0,0,0,0,0,0,0,0,0,0,0,57,16,0,0,Active,2018,2018
SCOT,Nick Grigg,90,1.74,32,18/09/92,C,New Zealand,9,6,0,0,0,0,0,0,0,0,0,0,0,0,518,321,7,4,Active,2017,2019
SCOT,Nick Haining,115,1.93,34,01/09/90,N8,Australia,11,7,1,0,0,0,0,0,0,0,0,0,0,0,424,79,5,4,Inactive,2020,2022
SCOT,Oli Kebble,124,1.91,32,18/06/92,P,South Africa,12,5,1,0,0,0,0,0,0,0,0,0,0,0,351,113,1,0,Active,2020,2022
SCOT,Ollie Smith,90,1.88,24,07/08/00,FB,Scotland,10,1,2,0,0,0,0,0,0,0,1,0,0,0,535,67,6,1,Active,2022,2023
SCOT,Peter Horne,94,1.86,35,05/10/89,C,Scotland,45,13,6,1,0,0,3,0,7,0,0,0,0,0,2039,660,22,6,Inactive,2013,2021
SCOT,Pierre Schoeman,118,1.84,30,07/05/94,P,South Africa,42,20,6,3,0,0,0,0,0,0,0,0,0,0,2302,1167,35,18,Active,2021,2025
SCOT,Richie Gray,126,2.05,35,24/08/89,L,Scotland,79,39,3,2,0,0,0,0,0,0,0,0,0,0,5166,2498,68,33,Active,2010,2024
SCOT,Rob Harley,115,1.97,34,26/05/90,FL,England,23,10,1,0,0,0,0,0,0,0,2,0,0,0,1249,601,14,7,Active,2012,2020
SCOT,Rory Darge,102,1.86,25,23/02/00,FL,Scotland,30,13,6,2,0,0,0,0,0,0,0,0,0,0,1907,890,25,12,Active,2022,2025
SCOT,Rory Hutchinson,95,1.81,29,29/01/96,C,England,29,9,3,3,0,0,0,0,0,0,0,0,0,0,328,27,4,0,Active,2019,2024
SCOT,Rory Sutherland,116,1.83,32,24/08/92,P,Scotland,43,21,0,0,0,0,0,0,0,0,0,0,0,0,1611,828,21,12,Active,2016,2025
SCOT,Ross Ford,115,1.86,40,23/04/84,H,Scotland,110,55,5,0,0,0,0,0,0,0,0,0,0,0,6208,3058,87,42,Inactive,2004,2019
SCOT,Ruaridh Jackson,89,1.82,37,12/02/88,FB,England,33,11,3,0,2,1,8,0,9,2,1,0,0,0,1460,467,20,6,Inactive,2010,2019
SCOT,Ryan Grant,109,1.85,39,08/10/85,P,Scotland,26,13,0,0,0,0,0,0,0,0,1,1,0,0,1370,706,21,11,Inactive,2012,2015
SCOT,Ryan Wilson,106,1.93,35,18/05/89,FL,England,50,22,0,0,0,0,0,0,0,0,2,0,0,0,2738,1233,37,16,Inactive,2013,2020
SCOT,Sam Hidalgo-Clyne,85,1.75,31,04/08/93,SH,Spain,19,9,0,0,0,0,1,0,0,0,0,0,0,0,243,54,2,0,Active,2015,2020
SCOT,Sam Johnson,102,1.85,31,19/06/93,C,Australia,27,14,6,4,0,0,0,0,0,0,0,0,0,0,1848,993,26,14,Active,2019,2022
SCOT,Sam Skinner,115,1.96,30,31/01/95,L,England,37,19,1,1,0,0,0,0,0,0,0,0,0,0,1531,728,18,8,Active,2018,2025
SCOT,Scott Cummings,117,1.99,28,03/12/96,L,Scotland,42,15,2,0,0,0,0,0,0,0,0,0,1,0,2327,1064,28,13,Active,2019,2024
SCOT,Scott Lawson,106,1.73,43,28/09/81,H,Scotland,52,21,3,0,0,0,0,0,0,0,1,1,0,0,1785,575,20,5,Inactive,2005,2018
SCOT,Scott Steele,85,1.75,31,24/07/93,SH,Scotland,6,6,1,1,0,0,0,0,0,0,0,0,0,0,92,92,1,1,Inactive,2020,2021
SCOT,Sean Lamont,105,1.88,44,15/01/81,W,Scotland,105,43,15,6,0,0,0,0,0,0,1,1,0,0,7133,3151,89,39,Inactive,2004,2017
SCOT,Sean Maitland,97,1.89,36,14/09/88,W,New Zealand,53,25,14,6,0,0,0,0,0,0,1,0,0,0,3775,1760,49,24,Inactive,2013,2021
SCOT,Simon Berghan,126,1.93,34,07/12/90,P,New Zealand,35,20,0,0,0,0,0,0,0,0,1,1,0,0,1158,603,11,5,Inactive,2017,2023
SCOT,Sione Tuipulotu,104,1.78,28,12/02/97,C,Australia,30,12,3,0,0,0,0,0,0,0,2,1,0,0,1985,744,26,10,Active,2022,2024
SCOT,Stafford McDowall,103,1.93,27,24/02/98,C,Scotland,13,6,2,0,0,0,0,0,0,0,0,0,0,0,589,225,6,2,Active,2023,2025
SCOT,Stuart Hogg,93,1.83,32,24/06/92,FB,Scotland,100,55,28,16,1,0,5,3,9,9,2,1,1,1,7654,4157,99,54,Inactive,2012,2023
SCOT,Stuart McInally,110,1.90,34,09/08/90,H,Scotland,50,24,11,3,0,0,0,0,0,0,0,0,0,0,2220,1047,27,12,Inactive,2015,2023
SCOT,Tim Swinson,116,1.95,38,17/02/87,L,England,38,21,1,1,0,0,0,0,0,0,1,0,0,0,1149,594,13,5,Inactive,2013,2019
SCOT,Tim Visser,110,1.95,37,29/05/87,W,Netherlands,33,14,14,5,0,0,0,0,0,0,0,0,0,0,2400,1031,30,13,Inactive,2012,2017
SCOT,Tom Jordan,96,1.89,26,18/09/98,FH,New Zealand,9,5,2,2,0,0,0,0,1,0,0,0,0,0,535,344,6,4,Active,2024,2025
SCOT,Tommy Seymour,95,1.83,36,01/07/88,W,United States,55,25,21,5,0,0,0,0,0,0,0,0,0,0,3952,1776,55,25,Inactive,2013,2019
SCOT,Will Hurd,121,1.87,25,29/06/99,P,England,9,5,1,0,0,0,0,0,0,0,0,0,0,0,187,48,2,0,Active,2024,2025
SCOT,Willem Petrus Nel,116,1.80,38,30/04/86,P,South Africa,61,26,3,0,0,0,0,0,0,0,1,1,0,0,2552,1001,32,12,Inactive,2015,2023
SCOT,Zander Fagerson,126,1.88,29,19/01/96,P,Scotland,76,37,3,1,0,0,0,0,0,0,1,0,2,1,4181,2168,61,32,Active,2016,2025
WALES,Aaron Jarvis,116,1.83,38,20/05/86,P,England,18,6,0,0,0,0,0,0,0,0,0,0,0,0,591,233,6,2,Inactive,2012,2016
WALES,Aaron Shingler,110,1.97,37,07/08/87,FL,Wales,26,9,1,1,0,0,0,0,0,0,0,0,0,0,1287,418,14,5,Inactive,2011,2020
WALES,Aaron Wainwright,110,1.88,27,25/09/97,N8,Wales,60,24,5,2,0,0,0,0,0,0,1,0,0,0,3088,1102,40,13,Active,2018,2025
WALES,Adam Beard,121,2.03,29,07/01/96,L,Wales,60,25,0,0,0,0,0,0,0,0,3,0,0,0,3653,1658,51,23,Active,2017,2024
WALES,Aled Davies,88,1.78,32,19/07/92,SH,Wales,22,9,1,0,0,0,0,0,0,0,0,0,0,0,577,151,6,1,Active,2017,2019
WALES,Alex Cuthbert,106,1.98,34,05/04/90,W,Wales,58,25,18,8,0,0,0,0,0,0,3,1,0,0,4237,1831,54,23,Active,2011,2023
WALES,Alex Mann,98,1.91,23,06/01/02,FL,Wales,5,5,2,2,0,0,0,0,0,0,0,0,0,0,235,235,3,3,Active,2024,2024
WALES,Alun Wyn Jones,121,1.89,39,19/09/85,L,Wales,158,67,8,0,0,0,0,0,0,0,3,1,0,0,11059,5004,141,65,Inactive,2006,2023
WALES,Archie Griffin,124,1.90,23,24/07/01,P,Australia,6,1,0,0,0,0,0,0,0,0,0,0,0,0,309,27,5,0,Active,2024,2024
WALES,Ben Carter,122,1.98,24,23/01/01,L,Wales,13,1,0,0,0,0,0,0,0,0,0,0,0,0,577,6,7,0,Active,2021,2024
WALES,Ben Thomas,93,1.83,26,25/11/98,FH,Wales,12,5,4,3,0,0,4,1,6,0,0,0,0,0,776,368,10,5,Active,2021,2025
WALES,Blair Murray,83,1.73,23,09/10/01,FB,New Zealand,8,5,2,1,0,0,0,0,0,0,0,0,0,0,579,339,7,4,Active,2024,2025
WALES,Brad Roberts,108,1.75,29,04/01/96,H,South Africa,6,3,1,1,0,0,0,0,0,0,0,0,0,0,74,53,0,0,Inactive,2021,2023
WALES,Bradley Davies,122,1.98,38,09/01/87,L,Wales,66,24,0,0,0,0,0,0,0,0,2,2,0,0,3502,1128,44,13,Inactive,2009,2019
WALES,Cai Evans,84,1.85,25,23/06/99,FH,Wales,3,1,0,0,0,0,0,0,0,3,0,0,0,0,115,0,1,0,Active,2023,2024
WALES,Callum Sheedy,88,1.77,29,28/10/95,FH,Wales,16,8,1,1,0,0,8,3,21,6,0,0,0,0,475,152,4,0,Active,2020,2022
WALES,Cam Winnett,85,1.80,22,07/01/03,FB,Wales,9,5,0,0,0,0,0,0,0,0,0,0,0,0,715,395,9,5,Active,2024,2024
WALES,Christ Tshiunza,114,1.98,23,09/01/02,FL,Congo,15,2,0,0,0,0,0,0,0,0,0,0,0,0,718,143,7,2,Active,2021,2024
WALES,Corey Domachowski,124,1.83,28,11/09/96,P,Wales,11,4,0,0,0,0,0,0,0,0,1,0,0,0,341,120,4,1,Active,2023,2024
WALES,Cory Hill,117,1.95,33,10/02/92,L,Wales,35,14,4,3,0,0,0,0,0,0,0,0,0,0,1511,636,16,7,Active,2016,2024
WALES,Dafydd Jenkins,120,2.01,22,05/12/02,L,Wales,23,14,0,0,0,0,0,0,0,0,0,0,0,0,1327,939,16,11,Active,2022,2025
WALES,Dan Biggar,93,1.88,35,16/10/89,FH,Wales,112,49,9,7,9,4,121,37,102,51,4,0,0,0,6707,3090,91,42,Active,2008,2023
WALES,Dan Edwards,83,1.78,21,07/05/03,FH,Wales,2,2,0,0,0,0,0,0,0,0,0,0,0,0,86,86,0,0,Active,2025,2025
WALES,Dan Lydiate,115,1.93,37,18/12/87,FL,Wales,72,25,1,0,0,0,0,0,0,0,0,0,0,0,4390,1612,65,23,Active,2009,2023
WALES,Dewi Lake,114,1.85,25,16/05/99,H,Wales,21,7,7,1,0,0,0,0,0,0,0,0,0,0,911,231,11,1,Active,2022,2025
WALES,Dillon Lewis,121,1.83,29,04/01/96,P,Wales,57,21,1,1,0,0,0,0,0,0,1,0,0,0,2282,774,22,7,Active,2017,2024
WALES,Eddie James,104,1.93,22,10/08/02,C,Wales,4,1,0,0,0,0,0,0,0,0,0,0,0,0,168,80,1,1,Active,2024,2025
WALES,Elliot Dee,106,1.86,31,07/03/94,H,Wales,59,25,3,1,0,0,0,0,0,0,1,0,0,0,1935,849,18,9,Active,2017,2025
WALES,Ellis Jenkins,105,1.85,31,29/04/93,FL,Wales,15,2,0,0,0,0,0,0,0,0,0,0,0,0,746,68,9,1,Active,2016,2022
WALES,Ellis Mee,92,1.93,21,06/10/03,FB,England,3,3,0,0,0,0,0,0,0,0,0,0,0,0,240,240,3,3,Active,2025,2025
WALES,Evan Lloyd,115,1.85,23,28/12/01,H,Wales,8,5,0,0,0,0,0,0,0,0,1,1,0,0,137,103,2,2,Active,2024,2025
WALES,Freddie Thomas,118,1.93,23,09/11/01,L,England,3,2,0,0,0,0,0,0,0,0,1,1,0,0,125,92,1,1,Active,2024,2025
WALES,Gareth Anscombe,96,1.84,33,10/05/91,FH,New Zealand,46,19,0,0,1,0,35,16,30,10,0,0,0,0,2078,719,26,9,Active,2015,2025
WALES,Gareth Davies,88,1.78,34,18/08/90,SH,Wales,81,34,17,4,0,0,0,0,0,0,1,1,0,0,3529,1463,45,19,Active,2014,2024
WALES,Gareth Thomas,120,1.88,31,02/08/93,P,Wales,40,18,0,0,0,0,0,0,0,0,2,0,0,0,1927,816,28,10,Active,2021,2025
WALES,George North,109,1.93,32,13/04/92,W,Wales,121,52,46,23,0,0,0,0,0,0,0,0,0,0,8868,3713,115,49,Inactive,2010,2024
WALES,Gethin Jenkins,120,1.88,44,07/11/80,P,Wales,132,54,5,1,0,0,4,0,4,0,4,3,0,0,7593,3161,98,38,Inactive,2002,2016
WALES,Hadleigh Parkes,101,1.87,37,05/10/87,C,New Zealand,29,13,6,2,0,0,0,0,0,0,0,0,0,0,2152,993,27,13,Active,2017,2020
WALES,Hallam Amos,98,1.86,30,24/09/94,FB,Wales,25,3,6,0,0,0,0,0,0,0,1,0,0,0,1678,127,21,2,Inactive,2013,2021
WALES,Harri O'Connor,118,1.82,24,25/10/00,P,England,5,1,0,0,0,0,0,0,0,0,0,0,0,0,87,7,0,0,Active,2024,2024
WALES,Henry Thomas,120,1.88,33,30/10/91,P,England,7,3,0,0,0,0,0,0,0,0,0,0,0,0,223,127,2,2,Active,2023,2025
WALES,Ioan Lloyd,86,1.79,23,05/04/01,FH,Wales,7,5,0,0,0,0,0,0,6,6,0,0,0,0,225,164,1,1,Active,2020,2024
WALES,Jac Morgan,104,1.82,25,21/01/00,FL,Wales,24,11,7,1,0,0,0,0,0,0,0,0,0,0,1670,702,20,9,Active,2022,2025
WALES,Jake Ball,121,2.00,33,21/06/91,L,England,52,23,0,0,0,0,0,0,0,0,0,0,0,0,2423,1041,33,14,Inactive,2014,2021
WALES,James Botham,108,1.91,27,22/02/98,FL,Wales,18,6,3,1,0,0,0,0,0,0,0,0,0,0,949,199,13,3,Active,2020,2025
WALES,James King,107,1.93,34,24/07/90,N8,Wales,11,1,0,0,0,0,0,0,0,0,0,0,0,0,493,7,5,0,Inactive,2013,2017
WALES,Jamie Roberts,110,1.93,38,08/11/86,C,Wales,94,46,13,7,0,0,0,0,0,0,1,0,0,0,6524,3174,85,40,Inactive,2008,2017
WALES,Jarrod Evans,90,1.76,28,25/07/96,FH,Wales,12,7,0,0,0,0,3,0,6,4,0,0,0,0,286,147,2,0,Active,2018,2025
WALES,Joe Hawkins,99,1.83,22,11/06/02,C,Wales,5,4,3,0,0,0,6,0,4,0,0,0,0,0,1037,320,13,4,Active,2022,2023
WALES,Joe Roberts,96,1.82,24,10/05/00,C,Wales,5,4,1,1,0,0,0,0,0,0,0,0,0,0,309,229,3,2,Active,2023,2025
WALES,Johnny McNicholl,96,1.91,34,24/09/90,FB,New Zealand,10,6,0,0,0,0,0,0,0,0,0,0,0,0,565,193,6,3,Active,2020,2022
WALES,Johnny Williams,105,1.91,28,18/10/96,C,England,8,1,2,0,0,0,0,0,0,0,1,0,0,0,561,23,8,1,Active,2020,2023
WALES,Jonah Holmes,98,1.86,32,24/07/92,W,England,7,1,2,0,0,0,0,0,0,0,0,0,0,0,412,80,4,1,Active,2018,2021
WALES,Jonathan Davies,104,1.86,36,05/04/88,C,Wales,96,43,16,7,0,0,0,0,0,0,2,2,0,0,7073,3243,90,41,Inactive,2009,2022
WALES,Josh Adams,96,1.86,29,21/04/95,W,Wales,62,30,21,11,0,0,0,0,0,0,3,2,0,0,4495,2190,59,30,Active,2018,2025
WALES,Josh Hathaway,84,1.83,21,19/10/03,FB,Wales,3,1,0,0,0,0,0,0,0,0,0,0,0,0,190,30,2,0,Active,2024,2025
WALES,Josh Navidi,105,1.85,34,13/12/90,FL,Wales,33,16,1,1,0,0,0,0,0,0,0,0,0,0,2277,1239,27,15,Inactive,2013,2022
WALES,Justin Tipuric,107,1.88,35,06/08/89,FL,Wales,94,48,11,4,0,0,0,0,0,0,2,0,0,0,5350,2731,63,32,Inactive,2011,2023
WALES,Keiron Assiratti,119,1.78,27,30/06/97,P,Wales,14,8,0,0,0,0,0,0,0,0,0,0,0,0,580,338,6,3,Active,2023,2025
WALES,Kemsley Mathias,121,1.85,25,29/07/99,P,Wales,7,2,0,0,0,0,0,0,0,0,0,0,0,0,105,7,0,0,Active,2023,2024
WALES,Ken Owens,109,1.85,38,03/01/87,H,Wales,91,48,6,3,0,0,0,0,0,0,1,0,0,0,4564,2399,58,29,Inactive,2011,2023
WALES,Kieran Hardy,90,1.84,29,30/11/95,SH,Wales,25,9,6,2,0,0,0,0,0,0,0,0,0,0,827,244,9,1,Active,2020,2024
WALES,Leigh Halfpenny,86,1.78,36,22/12/88,FB,Wales,101,46,16,9,4,0,182,99,80,41,2,1,0,0,7360,3373,95,43,Inactive,2008,2023
WALES,Leon Brown,126,1.91,28,26/10/96,P,Wales,24,13,0,0,0,0,0,0,0,0,1,0,0,0,576,301,4,1,Inactive,2017,2024
WALES,Liam Williams,85,1.85,33,09/04/91,FB,Wales,92,41,20,10,0,0,0,0,0,0,6,5,0,0,6368,2982,84,38,Active,2012,2025
WALES,Louis Rees-Zammit,95,1.91,24,02/02/01,W,Wales,32,12,14,5,0,0,0,0,0,0,1,0,0,0,2268,839,28,5,Inactive,2020,2023
WALES,Luke Charteris,119,2.06,42,09/03/83,L,Wales,74,25,0,0,0,0,0,0,0,0,1,0,0,0,3694,1149,45,13,Inactive,2004,2017
WALES,Mackenzie Martin,116,1.96,21,26/10/03,N8,Wales,5,3,0,0,0,0,0,0,0,0,0,0,0,0,66,59,0,0,Active,2024,2024
WALES,Mason Grady,111,1.96,22,29/03/02,C,Wales,16,7,1,1,0,0,0,0,0,0,1,1,0,0,723,275,8,2,Active,2023,2024
WALES,Max Llewellyn,105,1.97,26,13/01/99,C,England,8,3,1,1,0,0,0,0,0,0,0,0,0,0,540,216,7,3,Active,2023,2025
WALES,Mike Phillips,104,1.95,42,29/08/82,SH,Wales,94,40,8,2,0,0,0,0,0,0,2,1,0,0,5211,2307,66,29,Inactive,2003,2015
WALES,Nick Tompkins,95,1.82,30,16/02/95,C,England,41,20,4,2,0,0,0,0,0,0,0,0,0,0,2647,1251,31,14,Active,2020,2025
WALES,Nicky Smith,120,1.83,30,07/04/94,P,Wales,55,17,3,0,0,0,0,0,0,0,0,0,0,0,1991,539,24,6,Active,2014,2025
WALES,Owen Watkin,112,1.88,28,12/10/96,C,Wales,46,18,2,2,0,0,0,0,0,0,1,0,0,0,2051,821,24,11,Active,2017,2025
WALES,Owen Williams,98,1.85,33,27/02/92,FH,Wales,10,4,0,0,0,0,2,1,2,2,0,0,0,0,369,153,5,2,Active,2017,2023
WALES,Paul James,117,1.85,42,13/05/82,P,Wales,66,27,0,0,0,0,0,0,0,0,0,0,0,0,2953,1092,34,11,Inactive,2003,2016
WALES,Rhodri Jones,120,1.91,33,23/12/91,P,Wales,24,9,0,0,0,0,0,0,0,0,0,0,0,0,561,164,4,1,Active,2011,2022
WALES,Rhodri Williams,81,1.79,31,05/05/93,SH,Wales,8,5,1,1,0,0,0,0,0,0,0,0,0,0,142,76,0,0,Active,2013,2025
WALES,Rhys Carre,132,1.91,27,08/02/98,P,Wales,20,7,1,1,0,0,0,0,0,0,2,0,0,0,617,190,6,1,Active,2019,2023
WALES,Rhys Davies,116,1.97,26,09/11/98,L,Wales,3,2,0,0,0,0,0,0,0,0,0,0,0,0,93,27,1,0,Active,2023,2023
WALES,Rhys Gill,115,1.80,38,30/10/86,P,Wales,7,3,0,0,0,0,0,0,0,0,0,0,0,0,209,111,2,1,Inactive,2010,2016
WALES,Rhys Patchell,94,1.90,31,17/05/93,FH,Wales,23,5,2,0,1,0,15,1,12,0,0,0,0,0,908,198,9,2,Active,2013,2023
WALES,Rhys Priestland,95,1.88,38,09/01/87,FH,Wales,55,18,1,0,0,0,17,4,30,6,1,1,0,0,2553,827,28,9,Inactive,2011,2022
WALES,Rhys Webb,93,1.83,93,09/12/88,SH,Wales,40,22,8,4,0,0,0,0,0,0,1,1,0,0,1976,1160,28,15,Inactive,2012,2023
WALES,Richard Hibbard,114,1.83,41,13/12/83,H,Wales,38,18,2,1,0,0,0,0,0,0,1,0,0,0,1489,692,21,10,Inactive,2006,2015
WALES,Rio Dyer,84,1.85,25,21/12/99,W,Wales,24,9,8,4,0,0,0,0,0,0,2,0,0,0,1691,708,21,9,Active,2022,2024
WALES,Rob Evans,118,1.86,32,14/04/92,P,Wales,39,24,1,0,0,0,0,0,0,0,0,0,0,0,1877,1266,26,19,Inactive,2015,2020
WALES,Ross Moriarty,103,1.88,30,18/04/94,N8,England,56,23,3,2,0,0,0,0,0,0,2,0,1,0,3235,1299,40,16,Active,2015,2022
WALES,Ryan Elias,115,1.88,30,07/01/95,H,Wales,44,13,4,0,0,0,0,0,0,0,1,0,0,0,1678,442,24,6,Active,2017,2024
WALES,Sam Costelow,84,1.75,24,10/01/01,FH,Wales,20,4,1,0,0,0,7,1,13,4,0,0,0,0,973,241,10,4,Active,2022,2024
WALES,Sam Davies,89,1.80,31,06/10/93,FH,Wales,10,5,0,0,1,0,7,0,0,0,0,0,0,0,261,52,2,0,Inactive,2016,2017
WALES,Sam Parry,114,1.86,33,17/12/91,H,Wales,7,1,2,0,0,0,0,0,0,0,0,0,0,0,237,11,1,0,Active,2020,2024
WALES,Sam Warburton,106,1.91,36,05/10/88,FL,Wales,74,34,5,3,0,0,0,0,0,0,1,1,1,0,5088,2272,66,30,Inactive,2009,2017
WALES,Samson Lee,115,1.80,32,30/11/92,P,Wales,46,19,1,0,0,0,0,0,0,0,2,1,0,0,2084,878,30,13,Inactive,2013,2020
WALES,Scott Andrews,121,1.88,35,01/08/89,P,Wales,14,2,0,0,0,0,0,0,0,0,0,0,0,0,150,27,1,0,Inactive,2011,2017
WALES,Scott Baldwin,114,1.90,36,12/07/88,H,Wales,37,17,1,0,0,0,0,0,0,0,0,0,0,0,1410,593,17,8,Inactive,2013,2023
WALES,Scott Williams,100,1.87,34,10/10/90,C,Wales,58,21,12,4,0,0,0,0,0,0,0,0,0,0,3024,881,36,11,Active,2011,2019
WALES,Seb Davies,119,2.03,28,17/05/96,L,Wales,18,5,0,0,0,0,0,0,0,0,0,0,0,0,805,140,10,2,Active,2017,2022
WALES,Shane Lewis-Hughes,115,1.96,27,20/09/97,FL,Wales,3,1,0,0,0,0,0,0,0,0,0,0,0,0,211,80,3,1,Active,2020,2020
WALES,Steff Evans,95,1.82,30,01/09/94,W,Wales,14,5,6,2,0,0,0,0,0,0,0,0,0,0,861,320,12,4,Active,2017,2019
WALES,Taine Basham,100,1.82,25,02/11/99,FL,Wales,17,4,3,1,0,0,0,0,0,0,1,0,0,0,724,226,7,3,Active,2021,2024
WALES,Teddy Williams,118,1.98,24,18/10/00,L,Wales,7,5,1,1,0,0,0,0,0,0,1,0,0,0,140,98,0,0,Active,2023,2025
WALES,Toby Faletau,113,1.88,34,12/11/90,N8,Tonga,107,53,12,5,0,0,0,0,0,0,1,1,0,0,7693,3750,97,47,Active,2011,2025
WALES,Tom James,99,1.83,37,17/04/87,W,Wales,12,3,2,0,0,0,0,0,0,0,0,0,0,0,628,210,7,3,Inactive,2007,2016
WALES,Tom Rogers,87,1.85,26,17/12/98,W,Wales,10,4,2,1,0,0,0,0,0,0,0,0,0,0,618,193,10,4,Active,2021,2025
WALES,Tom Young,104,1.81,32,18/05/92,FL,Wales,4,1,0,0,0,0,0,0,0,0,0,0,0,0,219,80,3,1,Active,2017,2019
WALES,Tomas Francis,125,1.85,32,27/04/92,P,England,77,32,3,1,0,0,0,0,0,0,1,0,0,0,3751,1589,56,24,Active,2015,2024
WALES,Tommy Reffell,100,1.83,25,27/04/99,FL,Wales,27,14,1,0,0,0,0,0,0,0,2,0,0,0,1480,736,18,8,Active,2022,2025
WALES,Tomos Williams,86,1.80,30,01/01/95,SH,Wales,66,26,14,4,0,0,0,0,0,0,0,0,0,0,3097,1396,39,21,Active,2018,2025
WALES,Will Rowlands,123,2.03,33,19/09/91,L,England,41,18,3,1,0,0,0,0,0,0,1,0,0,0,2425,877,32,11,Active,2020,2025
WALES,Willgriff John,127,1.91,32,04/12/92,P,England,5,3,0,0,0,0,0,0,0,0,1,1,0,0,154,127,4,3,Active,2021,2025
WALES,Willis Halaholo,105,1.80,34,06/07/90,C,New Zealand,10,5,0,0,0,0,0,0,0,0,0,0,0,0,432,171,4,1,Active,2021,2022
WALES,Wyn Jones,114,1.84,33,26/02/92,P,Wales,48,22,2,1,0,0,0,0,0,0,0,0,0,0,1997,995,25,14,Active,2017,2023
